tag_name,category,category_description,steel_grade,size,method,outlier_count,outlier_ratio,risk_level,count,direction,filter_removal_rate,detail_1,detail_2
PINCHROLL_2_ACTUAL_SPEED,08_Pinchroll,핀치롤,B5,D13,IQR,347,5.4508325479107755,caution,6366,lower,11.4726741760534,"Q1=-326.16965, Q3=-317.31645000000003","mean=-322.99, std=8.72"
PINCHROLL_3_ACTUAL_SPEED,08_Pinchroll,핀치롤,B5,D13,IQR,711,11.16870876531574,warning,6366,upper,11.4726741760534,"Q1=1280.914, Q3=1289.1432499999999","mean=1286.88, std=10.21"
PINCHROLL_4_ACTUAL_SPEED,08_Pinchroll,핀치롤,B5,D13,IQR,708,11.121583411875589,warning,6366,upper,11.4726741760534,"Q1=1278.55625, Q3=1288.63225","mean=1285.88, std=10.80"
PINCHROLL_2_ACTUAL_TORQUE,08_Pinchroll,핀치롤,B5,D13,IQR,1253,19.682689286836318,danger,6366,lower,11.4726741760534,"Q1=16.83172, Q3=19.99504","mean=16.72, std=6.01"
PINCHROLL_3_ACTUAL_TORQUE,08_Pinchroll,핀치롤,B5,D13,IQR,1355,21.284951303801446,danger,6366,lower,11.4726741760534,"Q1=30.6908775, Q3=34.99556","mean=29.36, std=10.77"
PINCHROLL_4_ACTUAL_TORQUE,08_Pinchroll,핀치롤,B5,D13,IQR,1330,20.89224002513352,danger,6366,lower,11.4726741760534,"Q1=30.3987875, Q3=34.9956475","mean=29.50, std=10.46"
PINCHROLL_2_REFERENCE_TORQUE,08_Pinchroll,핀치롤,B5,D13,IQR,8,0.12566760917373546,normal,6366,upper,11.4726741760534,"Q1=20.0, Q3=20.0","mean=20.07, std=2.26"
PINCHROLL_3_REFERENCE_TORQUE,08_Pinchroll,핀치롤,B5,D13,IQR,1349,21.190700596921143,danger,6366,upper,11.4726741760534,"Q1=35.0, Q3=42.439585","mean=46.17, std=21.18"
PINCHROLL_4_REFERENCE_TORQUE,08_Pinchroll,핀치롤,B5,D13,IQR,1341,21.065032987747408,danger,6366,upper,11.4726741760534,"Q1=35.0, Q3=42.909792499999995","mean=46.27, std=21.30"
PINCHROLL_3_REFERENCE_SPEED,08_Pinchroll,핀치롤,B5,D13,IQR,783,12.299717247879359,warning,6366,lower,11.4726741760534,"Q1=1308.6, Q3=1308.6","mean=1307.92, std=6.28"
PINCHROLL_4_REFERENCE_SPEED,08_Pinchroll,핀치롤,B5,D13,IQR,153,2.403393025447691,normal,6366,lower,11.4726741760534,"Q1=1310.88, Q3=1315.08","mean=1311.66, std=5.06"
PR6L1_ACT_TORQUE,09_PR_Detailed,PR 상세 (토크+속도),B5,D13,IQR,190,14.785992217898833,warning,1285,upper,10.701876302988186,"Q1=3.431913, Q3=3.58699","mean=3.59, std=0.30"
PR6L2_ACT_TORQUE,09_PR_Detailed,PR 상세 (토크+속도),B5,D13,IQR,356,7.006494784491242,caution,5081,upper,11.665507649513213,"Q1=4.381454, Q3=4.763147","mean=4.64, std=0.36"
PR7L1_ACT_TORQUE,09_PR_Detailed,PR 상세 (토크+속도),B5,D13,IQR,0,0.0,normal,1285,balanced,10.701876302988186,"Q1=3.7269, Q3=23.67736","mean=11.55, std=9.19"
PR7L2_ACT_TORQUE,09_PR_Detailed,PR 상세 (토크+속도),B5,D13,IQR,0,0.0,normal,5081,balanced,11.665507649513213,"Q1=4.65042, Q3=24.99195","mean=12.58, std=8.81"
PR8L1_ACT_TORQUE,09_PR_Detailed,PR 상세 (토크+속도),B5,D13,IQR,0,0.0,normal,1285,balanced,10.701876302988186,"Q1=4.228607, Q3=22.89842","mean=10.90, std=9.24"
PR9L1_ACT_TORQUE,09_PR_Detailed,PR 상세 (토크+속도),B5,D13,IQR,0,0.0,normal,1285,balanced,10.701876302988186,"Q1=-32.08711, Q3=2.58382","mean=-12.19, std=16.23"
PR6L1_ACT_SPD_MS,09_PR_Detailed,PR 상세 (토크+속도),B5,D13,IQR,200,15.56420233463035,danger,1285,lower,10.701876302988186,"Q1=22.58578, Q3=22.58587","mean=22.58, std=0.02"
PR6L2_ACT_SPD_MS,09_PR_Detailed,PR 상세 (토크+속도),B5,D13,IQR,836,16.453454044479432,danger,5081,lower,11.665507649513213,"Q1=22.58503, Q3=22.58509","mean=22.57, std=0.37"
PR7L1_ACT_SPD_MS,09_PR_Detailed,PR 상세 (토크+속도),B5,D13,IQR,0,0.0,normal,1285,balanced,10.701876302988186,"Q1=21.55304, Q3=22.58504","mean=22.12, std=0.49"
PR7L2_ACT_SPD_MS,09_PR_Detailed,PR 상세 (토크+속도),B5,D13,IQR,3,0.0590434953749262,normal,5081,lower,11.665507649513213,"Q1=21.54333, Q3=22.58587","mean=22.09, std=0.61"
PR8L1_ACT_SPD_MS,09_PR_Detailed,PR 상세 (토크+속도),B5,D13,IQR,50,3.8910505836575875,normal,1285,lower,10.701876302988186,"Q1=21.46697, Q3=22.58612","mean=21.89, std=0.83"
PR9L1_ACT_SPD_MS,09_PR_Detailed,PR 상세 (토크+속도),B5,D13,IQR,190,14.785992217898833,warning,1285,lower,10.701876302988186,"Q1=21.31314, Q3=21.94076","mean=21.37, std=0.84"
PINCHROLL_2_ACTUAL_SPEED,08_Pinchroll,핀치롤,B5,D16,IQR,1112,17.961557099014698,danger,6191,lower,14.01388888888889,"Q1=-306.5868, Q3=-303.0521","mean=-306.46, std=5.47"
PINCHROLL_3_ACTUAL_SPEED,08_Pinchroll,핀치롤,B5,D16,IQR,1079,17.428525278630268,danger,6191,upper,14.01388888888889,"Q1=769.7734499999999, Q3=775.4659","mean=775.78, std=9.80"
PINCHROLL_4_ACTUAL_SPEED,08_Pinchroll,핀치롤,B5,D16,IQR,1094,17.6708124697141,danger,6191,upper,14.01388888888889,"Q1=767.6947, Q3=774.201","mean=774.35, std=11.31"
PINCHROLL_2_ACTUAL_TORQUE,08_Pinchroll,핀치롤,B5,D16,IQR,1149,18.55919883702148,danger,6191,lower,14.01388888888889,"Q1=16.23416, Q3=19.99504","mean=16.63, std=6.09"
PINCHROLL_3_ACTUAL_TORQUE,08_Pinchroll,핀치롤,B5,D16,IQR,1109,17.913099660797933,danger,6191,lower,14.01388888888889,"Q1=24.04932, Q3=29.99438","mean=24.85, std=9.40"
PINCHROLL_4_ACTUAL_TORQUE,08_Pinchroll,핀치롤,B5,D16,IQR,1086,17.541592634469392,danger,6191,lower,14.01388888888889,"Q1=23.76694, Q3=29.99453","mean=24.94, std=9.14"
PINCHROLL_2_REFERENCE_TORQUE,08_Pinchroll,핀치롤,B5,D16,IQR,26,0.4199644645453077,normal,6191,upper,14.01388888888889,"Q1=20.0, Q3=20.0","mean=20.06, std=1.15"
PINCHROLL_3_REFERENCE_TORQUE,08_Pinchroll,핀치롤,B5,D16,IQR,1174,18.963010822161202,danger,6191,upper,14.01388888888889,"Q1=30.0, Q3=42.99667","mean=42.79, std=23.87"
PINCHROLL_4_REFERENCE_TORQUE,08_Pinchroll,핀치롤,B5,D16,IQR,1104,17.83233726376999,danger,6191,upper,14.01388888888889,"Q1=30.0, Q3=44.32667","mean=42.98, std=24.04"
PINCHROLL_3_REFERENCE_SPEED,08_Pinchroll,핀치롤,B5,D16,IQR,675,10.90292359877241,warning,6191,lower,14.01388888888889,"Q1=799.68, Q3=799.68","mean=799.33, std=2.62"
PINCHROLL_4_REFERENCE_SPEED,08_Pinchroll,핀치롤,B5,D16,IQR,677,10.935228557583589,warning,6191,lower,14.01388888888889,"Q1=802.08, Q3=802.08","mean=801.65, std=2.57"
PR6L1_ACT_TORQUE,09_PR_Detailed,PR 상세 (토크+속도),B5,D16,IQR,556,15.088195386702848,danger,3685,upper,14.699074074074073,"Q1=3.081693, Q3=3.302327","mean=3.41, std=0.61"
PR6L2_ACT_TORQUE,09_PR_Detailed,PR 상세 (토크+속도),B5,D16,IQR,372,15.270935960591133,danger,2436,upper,15.416666666666668,"Q1=3.654047, Q3=3.936257","mean=4.02, std=0.62"
PR7L1_ACT_TORQUE,09_PR_Detailed,PR 상세 (토크+속도),B5,D16,IQR,559,15.169606512890093,danger,3685,upper,14.699074074074073,"Q1=3.1106, Q3=3.34837","mean=3.61, std=0.98"
PR7L2_ACT_TORQUE,09_PR_Detailed,PR 상세 (토크+속도),B5,D16,IQR,384,15.763546798029557,danger,2436,upper,15.416666666666668,"Q1=3.821027, Q3=4.03900825","mean=4.31, std=0.95"
PR8L1_ACT_TORQUE,09_PR_Detailed,PR 상세 (토크+속도),B5,D16,IQR,0,0.0,normal,3685,balanced,14.699074074074073,"Q1=3.61058, Q3=36.87824","mean=15.11, std=16.84"
PR9L1_ACT_TORQUE,09_PR_Detailed,PR 상세 (토크+속도),B5,D16,IQR,0,0.0,normal,3685,balanced,14.699074074074073,"Q1=-20.00511, Q3=2.265697","mean=-8.13, std=10.72"
PR6L1_ACT_SPD_MS,09_PR_Detailed,PR 상세 (토크+속도),B5,D16,IQR,559,15.169606512890093,danger,3685,lower,14.699074074074073,"Q1=14.66485, Q3=14.66496","mean=14.66, std=0.02"
PR6L2_ACT_SPD_MS,09_PR_Detailed,PR 상세 (토크+속도),B5,D16,IQR,384,15.763546798029557,danger,2436,lower,15.416666666666668,"Q1=14.66526, Q3=14.66539","mean=14.66, std=0.02"
PR7L1_ACT_SPD_MS,09_PR_Detailed,PR 상세 (토크+속도),B5,D16,IQR,583,15.82089552238806,danger,3685,lower,14.699074074074073,"Q1=14.66446, Q3=14.66457","mean=14.65, std=0.03"
PR7L2_ACT_SPD_MS,09_PR_Detailed,PR 상세 (토크+속도),B5,D16,IQR,392,16.091954022988507,danger,2436,lower,15.416666666666668,"Q1=14.66584, Q3=14.66592","mean=14.65, std=0.03"
PR8L1_ACT_SPD_MS,09_PR_Detailed,PR 상세 (토크+속도),B5,D16,IQR,150,4.07055630936228,normal,3685,lower,14.699074074074073,"Q1=13.51035, Q3=14.66521","mean=13.91, std=0.94"
PR9L1_ACT_SPD_MS,09_PR_Detailed,PR 상세 (토크+속도),B5,D16,IQR,152,4.12483039348711,normal,3685,lower,14.699074074074073,"Q1=13.38339, Q3=14.66483","mean=13.80, std=1.05"
PINCHROLL_2_ACTUAL_SPEED,08_Pinchroll,핀치롤,D4,D10,IQR,1710,14.177928861620098,warning,12061,lower,16.149888765294772,"Q1=-315.8258, Q3=-310.0782","mean=-314.94, std=11.45"
PINCHROLL_3_ACTUAL_SPEED,08_Pinchroll,핀치롤,D4,D10,IQR,2,0.016582372937567365,normal,12061,lower,16.149888765294772,"Q1=1283.932, Q3=1978.953","mean=1793.32, std=307.84"
PINCHROLL_4_ACTUAL_SPEED,08_Pinchroll,핀치롤,D4,D10,IQR,0,0.0,normal,12061,balanced,16.149888765294772,"Q1=1278.745, Q3=2010.0","mean=1779.77, std=334.91"
PINCHROLL_2_ACTUAL_TORQUE,08_Pinchroll,핀치롤,D4,D10,IQR,1937,16.060028190033993,danger,12061,lower,16.149888765294772,"Q1=16.44743, Q3=19.99501","mean=16.64, std=6.08"
PINCHROLL_3_ACTUAL_TORQUE,08_Pinchroll,핀치롤,D4,D10,IQR,0,0.0,normal,12061,balanced,16.149888765294772,"Q1=4.245035, Q3=27.48792","mean=17.47, std=11.41"
PINCHROLL_4_ACTUAL_TORQUE,08_Pinchroll,핀치롤,D4,D10,IQR,1926,15.968825138877374,danger,12061,lower,16.149888765294772,"Q1=24.99039, Q3=30.30109","mean=24.64, std=8.70"
PINCHROLL_2_REFERENCE_TORQUE,08_Pinchroll,핀치롤,D4,D10,IQR,7,0.05803830528148578,normal,12061,upper,16.149888765294772,"Q1=20.0, Q3=20.0","mean=20.02, std=1.01"
PINCHROLL_3_REFERENCE_TORQUE,08_Pinchroll,핀치롤,D4,D10,IQR,0,0.0,normal,12061,balanced,16.149888765294772,"Q1=25.0, Q3=98.85416","mean=57.58, std=34.73"
PINCHROLL_4_REFERENCE_TORQUE,08_Pinchroll,핀치롤,D4,D10,IQR,1594,13.216151231241192,warning,12061,upper,16.149888765294772,"Q1=25.0, Q3=44.72833","mean=40.73, std=23.69"
PINCHROLL_3_REFERENCE_SPEED,08_Pinchroll,핀치롤,D4,D10,IQR,2,0.016582372937567365,normal,12061,lower,16.149888765294772,"Q1=1289.64, Q3=2014.32","mean=1821.24, std=321.45"
PINCHROLL_4_REFERENCE_SPEED,08_Pinchroll,핀치롤,D4,D10,IQR,0,0.0,normal,12061,balanced,16.149888765294772,"Q1=1278.72, Q3=2016.12","mean=1832.90, std=334.43"
PR6L1_ACT_TORQUE,09_PR_Detailed,PR 상세 (토크+속도),D4,D10,IQR,52,2.0791683326669332,normal,2501,upper,13.038942976356049,"Q1=0.0, Q3=3.888013","mean=3.09, std=2.98"
PR6L2_ACT_TORQUE,09_PR_Detailed,PR 상세 (토크+속도),D4,D10,IQR,0,0.0,normal,9560,balanced,16.92735488355926,"Q1=0.0, Q3=5.79178825","mean=3.98, std=2.65"
PR7L1_ACT_TORQUE,09_PR_Detailed,PR 상세 (토크+속도),D4,D10,IQR,0,0.0,normal,2501,balanced,13.038942976356049,"Q1=0.0, Q3=5.12449","mean=3.63, std=2.39"
PR7L2_ACT_TORQUE,09_PR_Detailed,PR 상세 (토크+속도),D4,D10,IQR,103,1.0774058577405856,normal,9560,upper,16.92735488355926,"Q1=0.0, Q3=6.130153","mean=4.46, std=3.47"
PR8L1_ACT_TORQUE,09_PR_Detailed,PR 상세 (토크+속도),D4,D10,IQR,0,0.0,normal,2501,balanced,13.038942976356049,"Q1=0.0, Q3=10.40725","mean=6.11, std=5.49"
PR9L1_ACT_TORQUE,09_PR_Detailed,PR 상세 (토크+속도),D4,D10,IQR,0,0.0,normal,2501,balanced,13.038942976356049,"Q1=-7.776347, Q3=3.115527","mean=-2.01, std=5.35"
PR6L1_ACT_SPD_MS,09_PR_Detailed,PR 상세 (토크+속도),D4,D10,IQR,0,0.0,normal,2501,balanced,13.038942976356049,"Q1=0.0, Q3=37.06394","mean=25.91, std=16.95"
PR6L2_ACT_SPD_MS,09_PR_Detailed,PR 상세 (토크+속도),D4,D10,IQR,0,0.0,normal,9560,balanced,16.92735488355926,"Q1=0.0, Q3=37.06504","mean=25.41, std=16.92"
PR7L1_ACT_SPD_MS,09_PR_Detailed,PR 상세 (토크+속도),D4,D10,IQR,0,0.0,normal,2501,balanced,13.038942976356049,"Q1=0.0, Q3=37.06495","mean=25.95, std=16.97"
PR7L2_ACT_SPD_MS,09_PR_Detailed,PR 상세 (토크+속도),D4,D10,IQR,0,0.0,normal,9560,balanced,16.92735488355926,"Q1=0.0, Q3=37.06486","mean=25.39, std=16.92"
PR8L1_ACT_SPD_MS,09_PR_Detailed,PR 상세 (토크+속도),D4,D10,IQR,0,0.0,normal,2501,balanced,13.038942976356049,"Q1=0.0, Q3=37.06399","mean=24.82, std=16.56"
PR9L1_ACT_SPD_MS,09_PR_Detailed,PR 상세 (토크+속도),D4,D10,IQR,0,0.0,normal,2501,balanced,13.038942976356049,"Q1=0.0, Q3=37.06383","mean=24.72, std=16.50"
PINCHROLL_2_ACTUAL_SPEED,08_Pinchroll,핀치롤,D4,D13,IQR,129,3.019662921348315,normal,4272,lower,25.833333333333336,"Q1=-315.7321, Q3=-301.0414","mean=-309.58, std=11.29"
PINCHROLL_3_ACTUAL_SPEED,08_Pinchroll,핀치롤,D4,D13,IQR,2,0.04681647940074907,normal,4272,lower,25.833333333333336,"Q1=1220.155, Q3=1274.956","mean=1246.08, std=38.16"
PINCHROLL_4_ACTUAL_SPEED,08_Pinchroll,핀치롤,D4,D13,IQR,158,3.698501872659176,normal,4272,upper,25.833333333333336,"Q1=1197.062, Q3=1217.5505","mean=1211.04, std=26.97"
PINCHROLL_2_ACTUAL_TORQUE,08_Pinchroll,핀치롤,D4,D13,IQR,820,19.194756554307116,danger,4272,lower,25.833333333333336,"Q1=16.208927499999998, Q3=19.9949525","mean=15.95, std=6.57"
PINCHROLL_3_ACTUAL_TORQUE,08_Pinchroll,핀치롤,D4,D13,IQR,0,0.0,normal,4272,balanced,25.833333333333336,"Q1=3.55305175, Q3=39.96804","mean=21.01, std=16.92"
PINCHROLL_4_ACTUAL_TORQUE,08_Pinchroll,핀치롤,D4,D13,IQR,762,17.837078651685392,danger,4272,lower,25.833333333333336,"Q1=30.143205, Q3=39.966105","mean=29.92, std=12.35"
PINCHROLL_2_REFERENCE_TORQUE,08_Pinchroll,핀치롤,D4,D13,IQR,0,0.0,normal,4272,balanced,25.833333333333336,"Q1=20.0, Q3=20.0","mean=20.00, std=0.00"
PINCHROLL_3_REFERENCE_TORQUE,08_Pinchroll,핀치롤,D4,D13,IQR,0,0.0,normal,4272,balanced,25.833333333333336,"Q1=40.0, Q3=100.0","mean=67.66, std=29.89"
PINCHROLL_4_REFERENCE_TORQUE,08_Pinchroll,핀치롤,D4,D13,IQR,800,18.726591760299627,danger,4272,upper,25.833333333333336,"Q1=35.483955, Q3=45.735","mean=49.61, std=22.06"
PINCHROLL_3_REFERENCE_SPEED,08_Pinchroll,핀치롤,D4,D13,IQR,2,0.04681647940074907,normal,4272,lower,25.833333333333336,"Q1=1239.96, Q3=1289.64","mean=1265.22, std=36.13"
PINCHROLL_4_REFERENCE_SPEED,08_Pinchroll,핀치롤,D4,D13,IQR,2,0.04681647940074907,normal,4272,lower,25.833333333333336,"Q1=1218.96, Q3=1273.226","mean=1244.70, std=31.29"
PR6L1_ACT_TORQUE,09_PR_Detailed,PR 상세 (토크+속도),D4,D13,IQR,1168,39.28691557349479,critical,2973,balanced,31.180555555555557,"Q1=3.011553, Q3=3.73104","mean=4.91, std=6.70"
PR6L2_ACT_TORQUE,09_PR_Detailed,PR 상세 (토크+속도),D4,D13,IQR,0,0.0,normal,1249,balanced,13.26388888888889,"Q1=0.0, Q3=4.214704","mean=1.81, std=2.18"
PR7L1_ACT_TORQUE,09_PR_Detailed,PR 상세 (토크+속도),D4,D13,IQR,0,0.0,normal,2973,balanced,31.180555555555557,"Q1=1.478753, Q3=17.29807","mean=8.78, std=9.39"
PR7L2_ACT_TORQUE,09_PR_Detailed,PR 상세 (토크+속도),D4,D13,IQR,217,17.373899119295437,danger,1249,upper,13.26388888888889,"Q1=0.0, Q3=4.466163","mean=4.93, std=8.22"
PR8L1_ACT_TORQUE,09_PR_Detailed,PR 상세 (토크+속도),D4,D13,IQR,0,0.0,normal,2973,balanced,31.180555555555557,"Q1=0.0, Q3=14.1868","mean=8.25, std=9.32"
PR9L1_ACT_TORQUE,09_PR_Detailed,PR 상세 (토크+속도),D4,D13,IQR,0,0.0,normal,2973,balanced,31.180555555555557,"Q1=-23.92005, Q3=2.43285","mean=-9.15, std=15.00"
PR6L1_ACT_SPD_MS,09_PR_Detailed,PR 상세 (토크+속도),D4,D13,IQR,739,24.857046754120418,danger,2973,lower,31.180555555555557,"Q1=21.3821, Q3=22.58585","mean=16.85, std=9.68"
PR6L2_ACT_SPD_MS,09_PR_Detailed,PR 상세 (토크+속도),D4,D13,IQR,0,0.0,normal,1249,balanced,13.26388888888889,"Q1=0.0, Q3=22.58505","mean=9.27, std=11.11"
PR7L1_ACT_SPD_MS,09_PR_Detailed,PR 상세 (토크+속도),D4,D13,IQR,739,24.857046754120418,danger,2973,lower,31.180555555555557,"Q1=21.34002, Q3=22.58518","mean=16.64, std=9.57"
PR7L2_ACT_SPD_MS,09_PR_Detailed,PR 상세 (토크+속도),D4,D13,IQR,0,0.0,normal,1249,balanced,13.26388888888889,"Q1=0.0, Q3=21.96355","mean=9.09, std=10.90"
PR8L1_ACT_SPD_MS,09_PR_Detailed,PR 상세 (토크+속도),D4,D13,IQR,738,24.8234106962664,danger,2973,lower,31.180555555555557,"Q1=19.05815, Q3=22.5844","mean=16.49, std=9.50"
PR9L1_ACT_SPD_MS,09_PR_Detailed,PR 상세 (토크+속도),D4,D13,IQR,738,24.8234106962664,danger,2973,lower,31.180555555555557,"Q1=18.4901, Q3=21.93961","mean=16.08, std=9.26"
PINCHROLL_2_ACTUAL_SPEED,08_Pinchroll,핀치롤,D5,D10,IQR,7302,15.734356145492157,danger,46408,lower,21.363697980208755,"Q1=-316.6296, Q3=-309.4968","mean=-313.56, std=19.12"
PINCHROLL_3_ACTUAL_SPEED,08_Pinchroll,핀치롤,D5,D10,IQR,1984,4.275124978451991,normal,46408,lower,21.363697980208755,"Q1=1972.08575, Q3=2081.898","mean=1993.93, std=188.94"
PINCHROLL_4_ACTUAL_SPEED,08_Pinchroll,핀치롤,D5,D10,IQR,1964,4.2320289605240475,normal,46408,lower,21.363697980208755,"Q1=1955.325, Q3=2076.646","mean=1976.83, std=186.53"
PINCHROLL_2_ACTUAL_TORQUE,08_Pinchroll,핀치롤,D5,D10,IQR,9151,19.71858300293053,danger,46408,lower,21.363697980208755,"Q1=16.4128, Q3=19.99505","mean=16.33, std=6.54"
PINCHROLL_3_ACTUAL_TORQUE,08_Pinchroll,핀치롤,D5,D10,IQR,0,0.0,normal,46408,balanced,21.363697980208755,"Q1=5.09819375, Q3=27.45494","mean=19.66, std=10.37"
PINCHROLL_4_ACTUAL_TORQUE,08_Pinchroll,핀치롤,D5,D10,IQR,10549,22.730994656093777,danger,46408,lower,21.363697980208755,"Q1=22.05305, Q3=26.56665","mean=22.16, std=8.12"
PINCHROLL_2_REFERENCE_TORQUE,08_Pinchroll,핀치롤,D5,D10,IQR,371,0.7994311325633512,normal,46408,upper,21.363697980208755,"Q1=20.0, Q3=20.0","mean=20.33, std=4.36"
PINCHROLL_3_REFERENCE_TORQUE,08_Pinchroll,핀치롤,D5,D10,IQR,0,0.0,normal,46408,balanced,21.363697980208755,"Q1=25.0, Q3=98.782","mean=48.68, std=32.21"
PINCHROLL_4_REFERENCE_TORQUE,08_Pinchroll,핀치롤,D5,D10,IQR,8813,18.990260299948286,danger,46408,upper,21.363697980208755,"Q1=25.0, Q3=35.7625","mean=39.76, std=25.92"
PINCHROLL_3_REFERENCE_SPEED,08_Pinchroll,핀치롤,D5,D10,IQR,2000,4.3096017927943455,normal,46408,lower,21.363697980208755,"Q1=2014.32, Q3=2098.92","mean=2027.18, std=187.54"
PINCHROLL_4_REFERENCE_SPEED,08_Pinchroll,핀치롤,D5,D10,IQR,1970,4.244957765902431,normal,46408,lower,21.363697980208755,"Q1=2016.12, Q3=2095.8","mean=2026.52, std=190.47"
PR6L1_ACT_TORQUE,09_PR_Detailed,PR 상세 (토크+속도),D5,D10,IQR,6417,32.91950956753706,critical,19493,balanced,24.77520935437811,"Q1=3.83152, Q3=4.754943","mean=5.73, std=5.55"
PR6L2_ACT_TORQUE,09_PR_Detailed,PR 상세 (토크+속도),D5,D10,IQR,6768,25.770094810189235,critical,26263,balanced,20.66277980847657,"Q1=5.455678499999999, Q3=6.122043","mean=5.95, std=4.28"
PR7L1_ACT_TORQUE,09_PR_Detailed,PR 상세 (토크+속도),D5,D10,IQR,3610,18.519468527163596,danger,19493,lower,24.77520935437811,"Q1=4.4469, Q3=4.96134","mean=4.34, std=2.89"
PR7L2_ACT_TORQUE,09_PR_Detailed,PR 상세 (토크+속도),D5,D10,IQR,5426,20.660244450367436,danger,26263,lower,20.66277980847657,"Q1=5.791167, Q3=6.36968","mean=5.56, std=3.47"
PR8L1_ACT_TORQUE,09_PR_Detailed,PR 상세 (토크+속도),D5,D10,IQR,0,0.0,normal,19493,balanced,24.77520935437811,"Q1=4.688113, Q3=13.02096","mean=7.36, std=5.39"
PR9L1_ACT_TORQUE,09_PR_Detailed,PR 상세 (토크+속도),D5,D10,IQR,208,1.0670497101523624,normal,19493,lower,24.77520935437811,"Q1=-10.05231, Q3=3.071967","mean=-2.71, std=6.72"
PR6L1_ACT_SPD_MS,09_PR_Detailed,PR 상세 (토크+속도),D5,D10,IQR,3691,18.935002308521007,danger,19493,lower,24.77520935437811,"Q1=35.08735, Q3=37.06508","mean=30.47, std=13.43"
PR6L2_ACT_SPD_MS,09_PR_Detailed,PR 상세 (토크+속도),D5,D10,IQR,5406,20.58409168792598,danger,26263,lower,20.66277980847657,"Q1=35.196235, Q3=37.06505","mean=30.35, std=13.51"
PR7L1_ACT_SPD_MS,09_PR_Detailed,PR 상세 (토크+속도),D5,D10,IQR,3721,19.088903709023754,danger,19493,lower,24.77520935437811,"Q1=36.97581, Q3=37.065","mean=30.73, std=13.55"
PR7L2_ACT_SPD_MS,09_PR_Detailed,PR 상세 (토크+속도),D5,D10,IQR,5465,20.80874233712828,danger,26263,lower,20.66277980847657,"Q1=36.96465, Q3=37.06488","mean=30.47, std=13.59"
PR8L1_ACT_SPD_MS,09_PR_Detailed,PR 상세 (토크+속도),D5,D10,IQR,3735,19.1607243625917,danger,19493,lower,24.77520935437811,"Q1=33.33326, Q3=37.06427","mean=29.71, std=13.24"
PR9L1_ACT_SPD_MS,09_PR_Detailed,PR 상세 (토크+속도),D5,D10,IQR,3740,19.18637459600882,danger,19493,lower,24.77520935437811,"Q1=32.64684, Q3=37.06423","mean=29.54, std=13.21"
PINCHROLL_2_ACTUAL_SPEED,08_Pinchroll,핀치롤,D5,D13,IQR,510,5.2609861770167115,caution,9694,lower,38.7966412020961,"Q1=-311.12565, Q3=-299.6867","mean=-304.82, std=20.04"
PINCHROLL_3_ACTUAL_SPEED,08_Pinchroll,핀치롤,D5,D13,IQR,483,4.982463379409944,normal,9694,lower,38.7966412020961,"Q1=1244.79, Q3=1273.739","mean=1247.72, std=94.88"
PINCHROLL_4_ACTUAL_SPEED,08_Pinchroll,핀치롤,D5,D13,IQR,119,1.2275634413038992,normal,9694,lower,38.7966412020961,"Q1=1195.388, Q3=1237.268","mean=1202.42, std=101.85"
PINCHROLL_2_ACTUAL_TORQUE,08_Pinchroll,핀치롤,D5,D13,IQR,0,0.0,normal,9694,balanced,38.7966412020961,"Q1=7.7085745, Q3=19.995","mean=15.25, std=7.44"
PINCHROLL_3_ACTUAL_TORQUE,08_Pinchroll,핀치롤,D5,D13,IQR,0,0.0,normal,9694,balanced,38.7966412020961,"Q1=14.92418, Q3=39.9935","mean=28.79, std=14.90"
PINCHROLL_4_ACTUAL_TORQUE,08_Pinchroll,핀치롤,D5,D13,IQR,0,0.0,normal,9694,balanced,38.7966412020961,"Q1=15.59568, Q3=39.99106999999999","mean=29.13, std=14.34"
PINCHROLL_2_REFERENCE_TORQUE,08_Pinchroll,핀치롤,D5,D13,IQR,142,1.4648236022281824,normal,9694,upper,38.7966412020961,"Q1=20.0, Q3=20.0","mean=20.54, std=5.53"
PINCHROLL_3_REFERENCE_TORQUE,08_Pinchroll,핀치롤,D5,D13,IQR,0,0.0,normal,9694,balanced,38.7966412020961,"Q1=35.52917, Q3=62.92833","mean=52.73, std=24.72"
PINCHROLL_4_REFERENCE_TORQUE,08_Pinchroll,핀치롤,D5,D13,IQR,0,0.0,normal,9694,balanced,38.7966412020961,"Q1=35.52917, Q3=63.02","mean=52.82, std=24.80"
PINCHROLL_3_REFERENCE_SPEED,08_Pinchroll,핀치롤,D5,D13,IQR,1969,20.311532906952753,danger,9694,lower,38.7966412020961,"Q1=1293.48, Q3=1296.48","mean=1276.70, std=95.17"
PINCHROLL_4_REFERENCE_SPEED,08_Pinchroll,핀치롤,D5,D13,IQR,440,4.5388900350732415,normal,9694,lower,38.7966412020961,"Q1=1222.56, Q3=1240.44","mean=1228.54, std=103.71"
PR6L1_ACT_TORQUE,09_PR_Detailed,PR 상세 (토크+속도),D5,D13,IQR,674,19.742237844171058,danger,3414,upper,40.71887480465359,"Q1=3.3681200000000002, Q3=4.515399","mean=6.91, std=7.14"
PR6L2_ACT_TORQUE,09_PR_Detailed,PR 상세 (토크+속도),D5,D13,IQR,366,6.034624896949711,caution,6065,upper,39.8313492063492,"Q1=3.95344, Q3=4.590407","mean=5.08, std=3.88"
PR7L1_ACT_TORQUE,09_PR_Detailed,PR 상세 (토크+속도),D5,D13,IQR,0,0.0,normal,3414,balanced,40.71887480465359,"Q1=3.842763, Q3=24.0241","mean=11.60, std=9.17"
PR7L2_ACT_TORQUE,09_PR_Detailed,PR 상세 (토크+속도),D5,D13,IQR,0,0.0,normal,6065,balanced,39.8313492063492,"Q1=4.553233, Q3=21.73389","mean=11.49, std=8.70"
PR8L1_ACT_TORQUE,09_PR_Detailed,PR 상세 (토크+속도),D5,D13,IQR,0,0.0,normal,3414,balanced,40.71887480465359,"Q1=4.2499965, Q3=23.5460925","mean=11.04, std=9.22"
PR9L1_ACT_TORQUE,09_PR_Detailed,PR 상세 (토크+속도),D5,D13,IQR,0,0.0,normal,3414,balanced,40.71887480465359,"Q1=-32.06566, Q3=2.52128175","mean=-12.06, std=16.21"
PR6L1_ACT_SPD_MS,09_PR_Detailed,PR 상세 (토크+속도),D5,D13,IQR,699,20.47451669595782,danger,3414,lower,40.71887480465359,"Q1=22.53001, Q3=22.58595","mean=22.40, std=0.43"
PR6L2_ACT_SPD_MS,09_PR_Detailed,PR 상세 (토크+속도),D5,D13,IQR,1092,18.00494641384996,danger,6065,lower,39.8313492063492,"Q1=22.58462, Q3=22.58527","mean=22.47, std=1.05"
PR7L1_ACT_SPD_MS,09_PR_Detailed,PR 상세 (토크+속도),D5,D13,IQR,1,0.029291154071470416,normal,3414,lower,40.71887480465359,"Q1=21.5167, Q3=22.5852","mean=22.12, std=0.54"
PR7L2_ACT_SPD_MS,09_PR_Detailed,PR 상세 (토크+속도),D5,D13,IQR,25,0.4122011541632316,normal,6065,lower,39.8313492063492,"Q1=21.54197, Q3=22.58573","mean=22.10, std=1.12"
PR8L1_ACT_SPD_MS,09_PR_Detailed,PR 상세 (토크+속도),D5,D13,IQR,70,2.0503807850029294,normal,3414,lower,40.71887480465359,"Q1=21.4742675, Q3=22.58449","mean=21.84, std=1.47"
PR9L1_ACT_SPD_MS,09_PR_Detailed,PR 상세 (토크+속도),D5,D13,IQR,521,15.260691271236087,danger,3414,lower,40.71887480465359,"Q1=21.2775325, Q3=21.9397","mean=21.29, std=1.46"
PINCHROLL_2_ACTUAL_SPEED,08_Pinchroll,핀치롤,N5,D10,IQR,188,1.0212396110598079,normal,18409,upper,24.77832713602746,"Q1=-354.8929, Q3=-313.1417","mean=-336.14, std=30.61"
PINCHROLL_3_ACTUAL_SPEED,08_Pinchroll,핀치롤,N5,D10,IQR,6,0.03259275354446195,normal,18409,lower,24.77832713602746,"Q1=1415.234, Q3=2105.64","mean=1780.56, std=373.36"
PINCHROLL_4_ACTUAL_SPEED,08_Pinchroll,핀치롤,N5,D10,IQR,24,0.1303710141778478,normal,18409,lower,24.77832713602746,"Q1=1346.816, Q3=1957.306","mean=1685.01, std=339.17"
PINCHROLL_2_ACTUAL_TORQUE,08_Pinchroll,핀치롤,N5,D10,IQR,0,0.0,normal,18409,balanced,24.77832713602746,"Q1=5.310606, Q3=19.99488","mean=13.99, std=7.33"
PINCHROLL_3_ACTUAL_TORQUE,08_Pinchroll,핀치롤,N5,D10,IQR,0,0.0,normal,18409,balanced,24.77832713602746,"Q1=4.756351, Q3=29.99387","mean=17.90, std=12.68"
PINCHROLL_4_ACTUAL_TORQUE,08_Pinchroll,핀치롤,N5,D10,IQR,0,0.0,normal,18409,balanced,24.77832713602746,"Q1=9.898352, Q3=29.99757","mean=22.18, std=11.03"
PINCHROLL_2_REFERENCE_TORQUE,08_Pinchroll,핀치롤,N5,D10,IQR,294,1.5970449236786355,normal,18409,upper,24.77832713602746,"Q1=20.0, Q3=20.0","mean=20.65, std=5.97"
PINCHROLL_3_REFERENCE_TORQUE,08_Pinchroll,핀치롤,N5,D10,IQR,0,0.0,normal,18409,balanced,24.77832713602746,"Q1=35.0, Q3=100.0","mean=64.35, std=31.77"
PINCHROLL_4_REFERENCE_TORQUE,08_Pinchroll,핀치롤,N5,D10,IQR,0,0.0,normal,18409,balanced,24.77832713602746,"Q1=30.0, Q3=81.6075","mean=52.36, std=28.44"
PINCHROLL_3_REFERENCE_SPEED,08_Pinchroll,핀치롤,N5,D10,IQR,18,0.09777826063338585,normal,18409,lower,24.77832713602746,"Q1=1458.12, Q3=2109.24","mean=1802.06, std=364.75"
PINCHROLL_4_REFERENCE_SPEED,08_Pinchroll,핀치롤,N5,D10,IQR,24,0.1303710141778478,normal,18409,lower,24.77832713602746,"Q1=1366.44, Q3=1998.72","mean=1714.32, std=348.26"
PR6L1_ACT_TORQUE,09_PR_Detailed,PR 상세 (토크+속도),N5,D10,IQR,832,13.813714095965466,warning,6023,balanced,30.248986682107702,"Q1=3.470283, Q3=4.107507","mean=4.78, std=5.48"
PR6L2_ACT_TORQUE,09_PR_Detailed,PR 상세 (토크+속도),N5,D10,IQR,119,0.9846917666528754,normal,12085,upper,23.696173759313044,"Q1=0.0, Q3=5.636347","mean=4.00, std=3.26"
PR7L1_ACT_TORQUE,09_PR_Detailed,PR 상세 (토크+속도),N5,D10,IQR,545,9.048646853727378,caution,6023,lower,30.248986682107702,"Q1=3.762907, Q3=4.493313","mean=3.99, std=1.23"
PR7L2_ACT_TORQUE,09_PR_Detailed,PR 상세 (토크+속도),N5,D10,IQR,0,0.0,normal,12085,balanced,23.696173759313044,"Q1=0.0, Q3=6.02492","mean=4.05, std=2.53"
PR8L1_ACT_TORQUE,09_PR_Detailed,PR 상세 (토크+속도),N5,D10,IQR,826,13.714095965465715,warning,6023,upper,30.248986682107702,"Q1=4.297787, Q3=12.574290000000001","mean=9.20, std=9.70"
PR9L1_ACT_TORQUE,09_PR_Detailed,PR 상세 (토크+속도),N5,D10,IQR,0,0.0,normal,6023,balanced,30.248986682107702,"Q1=-9.5692815, Q3=2.89819","mean=-2.45, std=7.14"
PR6L1_ACT_SPD_MS,09_PR_Detailed,PR 상세 (토크+속도),N5,D10,IQR,429,7.122696330732194,caution,6023,lower,30.248986682107702,"Q1=25.61976, Q3=36.75082","mean=27.86, std=10.04"
PR6L2_ACT_SPD_MS,09_PR_Detailed,PR 상세 (토크+속도),N5,D10,IQR,0,0.0,normal,12085,balanced,23.696173759313044,"Q1=0.0, Q3=36.74951","mean=22.60, std=14.66"
PR7L1_ACT_SPD_MS,09_PR_Detailed,PR 상세 (토크+속도),N5,D10,IQR,429,7.122696330732194,caution,6023,lower,30.248986682107702,"Q1=25.62077, Q3=36.74969","mean=27.93, std=10.05"
PR7L2_ACT_SPD_MS,09_PR_Detailed,PR 상세 (토크+속도),N5,D10,IQR,0,0.0,normal,12085,balanced,23.696173759313044,"Q1=0.0, Q3=36.74965","mean=22.61, std=14.66"
PR8L1_ACT_SPD_MS,09_PR_Detailed,PR 상세 (토크+속도),N5,D10,IQR,583,9.6795616802258,caution,6023,lower,30.248986682107702,"Q1=24.404564999999998, Q3=36.72748","mean=26.40, std=10.72"
PR9L1_ACT_SPD_MS,09_PR_Detailed,PR 상세 (토크+속도),N5,D10,IQR,583,9.6795616802258,caution,6023,lower,30.248986682107702,"Q1=24.30669, Q3=36.391755","mean=26.27, std=10.69"
PINCHROLL_2_ACTUAL_SPEED,08_Pinchroll,핀치롤,N5,D12,IQR,4884,9.350410659927633,caution,52233,upper,24.374529449238434,"Q1=-368.7409, Q3=-350.6337","mean=-355.43, std=24.62"
PINCHROLL_3_ACTUAL_SPEED,08_Pinchroll,핀치롤,N5,D12,IQR,5584,10.690559607910707,warning,52233,balanced,24.374529449238434,"Q1=1318.718, Q3=1366.691","mean=1352.36, std=173.38"
PINCHROLL_4_ACTUAL_SPEED,08_Pinchroll,핀치롤,N5,D12,IQR,5292,10.131526046752052,warning,52233,balanced,24.374529449238434,"Q1=1319.831, Q3=1346.119","mean=1334.92, std=172.54"
PINCHROLL_2_ACTUAL_TORQUE,08_Pinchroll,핀치롤,N5,D12,IQR,0,0.0,normal,52233,balanced,24.374529449238434,"Q1=6.902372, Q3=19.99501","mean=14.84, std=7.38"
PINCHROLL_3_ACTUAL_TORQUE,08_Pinchroll,핀치롤,N5,D12,IQR,0,0.0,normal,52233,balanced,24.374529449238434,"Q1=8.598465, Q3=34.99516","mean=25.17, std=13.62"
PINCHROLL_4_ACTUAL_TORQUE,08_Pinchroll,핀치롤,N5,D12,IQR,0,0.0,normal,52233,balanced,24.374529449238434,"Q1=12.5861, Q3=34.99422","mean=25.81, std=12.91"
PINCHROLL_2_REFERENCE_TORQUE,08_Pinchroll,핀치롤,N5,D12,IQR,467,0.8940707981544234,normal,52233,upper,24.374529449238434,"Q1=20.0, Q3=20.0","mean=20.36, std=4.51"
PINCHROLL_3_REFERENCE_TORQUE,08_Pinchroll,핀치롤,N5,D12,IQR,0,0.0,normal,52233,balanced,24.374529449238434,"Q1=35.0, Q3=83.295","mean=54.14, std=27.46"
PINCHROLL_4_REFERENCE_TORQUE,08_Pinchroll,핀치롤,N5,D12,IQR,0,0.0,normal,52233,balanced,24.374529449238434,"Q1=35.0, Q3=76.73917","mean=52.76, std=26.88"
PINCHROLL_3_REFERENCE_SPEED,08_Pinchroll,핀치롤,N5,D12,IQR,14279,27.33712404035763,critical,52233,upper,24.374529449238434,"Q1=1366.68, Q3=1386.48","mean=1384.90, std=171.72"
PINCHROLL_4_REFERENCE_SPEED,08_Pinchroll,핀치롤,N5,D12,IQR,6147,11.768422261788524,warning,52233,lower,24.374529449238434,"Q1=1347.0, Q3=1366.44","mean=1357.26, std=176.67"
PR6L1_ACT_TORQUE,09_PR_Detailed,PR 상세 (토크+속도),N5,D12,IQR,3821,20.860402904405742,danger,18317,upper,25.12059520889543,"Q1=3.409233, Q3=3.849423","mean=6.40, std=7.85"
PR6L2_ACT_TORQUE,09_PR_Detailed,PR 상세 (토크+속도),N5,D12,IQR,6503,19.683394878624615,danger,33038,upper,25.93373088822132,"Q1=4.35801, Q3=4.7611935","mean=5.94, std=5.72"
PR7L1_ACT_TORQUE,09_PR_Detailed,PR 상세 (토크+속도),N5,D12,IQR,3519,19.211661298247527,danger,18317,upper,25.12059520889543,"Q1=3.996527, Q3=4.299867","mean=4.35, std=2.36"
PR7L2_ACT_TORQUE,09_PR_Detailed,PR 상세 (토크+속도),N5,D12,IQR,6681,20.222168412131484,danger,33038,upper,25.93373088822132,"Q1=4.71561, Q3=5.00801","mean=5.06, std=2.25"
PR8L1_ACT_TORQUE,09_PR_Detailed,PR 상세 (토크+속도),N5,D12,IQR,0,0.0,normal,18317,balanced,25.12059520889543,"Q1=4.251584, Q3=24.99501","mean=11.96, std=11.35"
PR9L1_ACT_TORQUE,09_PR_Detailed,PR 상세 (토크+속도),N5,D12,IQR,0,0.0,normal,18317,balanced,25.12059520889543,"Q1=-14.82753, Q3=2.634963","mean=-4.30, std=8.47"
PR6L1_ACT_SPD_MS,09_PR_Detailed,PR 상세 (토크+속도),N5,D12,IQR,4236,23.12605776055031,danger,18317,lower,25.12059520889543,"Q1=25.56713, Q3=25.61978","mean=24.36, std=5.07"
PR6L2_ACT_SPD_MS,09_PR_Detailed,PR 상세 (토크+속도),N5,D12,IQR,8864,26.829711241600577,critical,33038,lower,25.93373088822132,"Q1=25.61072, Q3=25.61974","mean=24.63, std=4.79"
PR7L1_ACT_SPD_MS,09_PR_Detailed,PR 상세 (토크+속도),N5,D12,IQR,3697,20.18343615220833,danger,18317,lower,25.12059520889543,"Q1=25.62011, Q3=25.62086","mean=24.49, std=5.10"
PR7L2_ACT_SPD_MS,09_PR_Detailed,PR 상세 (토크+속도),N5,D12,IQR,13061,39.533264725467646,critical,33038,balanced,25.93373088822132,"Q1=25.61963, Q3=25.61974","mean=24.69, std=4.81"
PR8L1_ACT_SPD_MS,09_PR_Detailed,PR 상세 (토크+속도),N5,D12,IQR,1881,10.26914887809139,warning,18317,lower,25.12059520889543,"Q1=24.35754, Q3=25.6196","mean=23.58, std=5.62"
PR9L1_ACT_SPD_MS,09_PR_Detailed,PR 상세 (토크+속도),N5,D12,IQR,2376,12.971556477589125,warning,18317,lower,25.12059520889543,"Q1=24.24306, Q3=25.6196","mean=23.46, std=5.63"
PINCHROLL_2_ACTUAL_SPEED,08_Pinchroll,핀치롤,N5,D16,IQR,2691,8.976582827406766,caution,29978,lower,13.222949111329822,"Q1=-311.4455, Q3=-301.76005","mean=-308.40, std=10.74"
PINCHROLL_3_ACTUAL_SPEED,08_Pinchroll,핀치롤,N5,D16,IQR,6770,22.583227700313564,danger,29978,upper,13.222949111329822,"Q1=769.4502, Q3=776.4031","mean=793.03, std=193.88"
PINCHROLL_4_ACTUAL_SPEED,08_Pinchroll,핀치롤,N5,D16,IQR,2445,8.155981052772033,caution,29978,balanced,13.222949111329822,"Q1=766.6628, Q3=783.5842","mean=793.77, std=199.27"
PINCHROLL_2_ACTUAL_TORQUE,08_Pinchroll,핀치롤,N5,D16,IQR,4744,15.824938288077925,danger,29978,lower,13.222949111329822,"Q1=14.65037, Q3=19.99505","mean=16.24, std=6.43"
PINCHROLL_3_ACTUAL_TORQUE,08_Pinchroll,핀치롤,N5,D16,IQR,5794,19.32750683834812,danger,29978,lower,13.222949111329822,"Q1=21.68831, Q3=29.99451","mean=25.48, std=12.63"
PINCHROLL_4_ACTUAL_TORQUE,08_Pinchroll,핀치롤,N5,D16,IQR,5708,19.040629795183133,danger,29978,lower,13.222949111329822,"Q1=22.10733, Q3=29.99459","mean=25.66, std=12.33"
PINCHROLL_2_REFERENCE_TORQUE,08_Pinchroll,핀치롤,N5,D16,IQR,35,0.11675228500900661,normal,29978,upper,13.222949111329822,"Q1=20.0, Q3=20.0","mean=20.03, std=0.94"
PINCHROLL_3_REFERENCE_TORQUE,08_Pinchroll,핀치롤,N5,D16,IQR,0,0.0,normal,29978,balanced,13.222949111329822,"Q1=30.0, Q3=61.6375","mean=45.78, std=25.49"
PINCHROLL_4_REFERENCE_TORQUE,08_Pinchroll,핀치롤,N5,D16,IQR,0,0.0,normal,29978,balanced,13.222949111329822,"Q1=30.0, Q3=58.3324975","mean=45.21, std=25.03"
PINCHROLL_3_REFERENCE_SPEED,08_Pinchroll,핀치롤,N5,D16,IQR,4814,16.058442858095937,danger,29978,balanced,13.222949111329822,"Q1=799.2, Q3=799.68","mean=816.96, std=192.64"
PINCHROLL_4_REFERENCE_SPEED,08_Pinchroll,핀치롤,N5,D16,IQR,7428,24.778170658482885,danger,29978,balanced,13.222949111329822,"Q1=801.6, Q3=802.08","mean=820.29, std=201.05"
PR6L1_ACT_TORQUE,09_PR_Detailed,PR 상세 (토크+속도),N5,D16,IQR,3761,18.528919105330573,danger,20298,upper,11.874267355533364,"Q1=2.8230205, Q3=2.97089325","mean=3.08, std=0.63"
PR6L2_ACT_TORQUE,09_PR_Detailed,PR 상세 (토크+속도),N5,D16,IQR,3106,32.32722731057452,critical,9608,upper,16.546512637887606,"Q1=3.08163675, Q3=3.58312025","mean=6.46, std=10.00"
PR7L1_ACT_TORQUE,09_PR_Detailed,PR 상세 (토크+속도),N5,D16,IQR,3361,16.558281604098926,danger,20298,upper,11.874267355533364,"Q1=2.96628, Q3=3.34661225","mean=3.38, std=0.97"
PR7L2_ACT_TORQUE,09_PR_Detailed,PR 상세 (토크+속도),N5,D16,IQR,2413,25.114487926727726,critical,9608,balanced,16.546512637887606,"Q1=3.508533, Q3=3.750633","mean=3.70, std=1.39"
PR8L1_ACT_TORQUE,09_PR_Detailed,PR 상세 (토크+속도),N5,D16,IQR,0,0.0,normal,20298,balanced,11.874267355533364,"Q1=3.43737325, Q3=39.99404","mean=15.45, std=17.19"
PR9L1_ACT_TORQUE,09_PR_Detailed,PR 상세 (토크+속도),N5,D16,IQR,0,0.0,normal,20298,balanced,11.874267355533364,"Q1=-20.00507, Q3=2.22691525","mean=-7.58, std=10.71"
PR6L1_ACT_SPD_MS,09_PR_Detailed,PR 상세 (토크+속도),N5,D16,IQR,7174,35.34338358458962,critical,20298,balanced,11.874267355533364,"Q1=14.66485, Q3=14.66501","mean=14.39, std=1.29"
PR6L2_ACT_SPD_MS,09_PR_Detailed,PR 상세 (토크+속도),N5,D16,IQR,2351,24.4691923397169,danger,9608,lower,16.546512637887606,"Q1=14.60835, Q3=14.66969","mean=14.34, std=5.16"
PR7L1_ACT_SPD_MS,09_PR_Detailed,PR 상세 (토크+속도),N5,D16,IQR,7260,35.76707064735442,critical,20298,balanced,11.874267355533364,"Q1=14.66446, Q3=14.66462","mean=14.39, std=1.29"
PR7L2_ACT_SPD_MS,09_PR_Detailed,PR 상세 (토크+속도),N5,D16,IQR,2422,25.208159866777684,critical,9608,lower,16.546512637887606,"Q1=14.66587, Q3=14.67014","mean=14.45, std=5.24"
PR8L1_ACT_SPD_MS,09_PR_Detailed,PR 상세 (토크+속도),N5,D16,IQR,1705,8.399842348999902,caution,20298,lower,11.874267355533364,"Q1=13.4526675, Q3=14.66527","mean=13.69, std=1.53"
PR9L1_ACT_SPD_MS,09_PR_Detailed,PR 상세 (토크+속도),N5,D16,IQR,1767,8.705291161690806,caution,20298,lower,11.874267355533364,"Q1=13.40405, Q3=14.66491","mean=13.61, std=1.59"
PINCHROLL_2_ACTUAL_SPEED,08_Pinchroll,핀치롤,N5,D20,IQR,779,5.928462709284627,caution,13140,upper,34.795553791186975,"Q1=-345.8776, Q3=-328.2913","mean=-336.10, std=17.67"
PINCHROLL_3_ACTUAL_SPEED,08_Pinchroll,핀치롤,N5,D20,IQR,1162,8.843226788432268,caution,13140,upper,34.795553791186975,"Q1=517.5114249999999, Q3=531.9507","mean=543.17, std=74.29"
PINCHROLL_4_ACTUAL_SPEED,08_Pinchroll,핀치롤,N5,D20,IQR,1218,9.269406392694064,caution,13140,upper,34.795553791186975,"Q1=516.4829, Q3=532.5295","mean=540.88, std=81.10"
PINCHROLL_2_ACTUAL_TORQUE,08_Pinchroll,핀치롤,N5,D20,IQR,0,0.0,normal,13140,balanced,34.795553791186975,"Q1=4.991053, Q3=19.9949","mean=14.12, std=7.32"
PINCHROLL_3_ACTUAL_TORQUE,08_Pinchroll,핀치롤,N5,D20,IQR,0,0.0,normal,13140,balanced,34.795553791186975,"Q1=11.784559999999999, Q3=69.99499","mean=44.93, std=28.95"
PINCHROLL_4_ACTUAL_TORQUE,08_Pinchroll,핀치롤,N5,D20,IQR,0,0.0,normal,13140,balanced,34.795553791186975,"Q1=11.2412025, Q3=69.99494","mean=44.85, std=28.91"
PINCHROLL_2_REFERENCE_TORQUE,08_Pinchroll,핀치롤,N5,D20,IQR,97,0.7382039573820396,normal,13140,upper,34.795553791186975,"Q1=20.0, Q3=20.0","mean=20.22, std=3.31"
PINCHROLL_3_REFERENCE_TORQUE,08_Pinchroll,핀치롤,N5,D20,IQR,756,5.7534246575342465,caution,13140,lower,34.795553791186975,"Q1=70.0, Q3=91.16","mean=76.89, std=16.76"
PINCHROLL_4_REFERENCE_TORQUE,08_Pinchroll,핀치롤,N5,D20,IQR,744,5.662100456621005,caution,13140,lower,34.795553791186975,"Q1=70.0, Q3=91.6","mean=77.01, std=16.80"
PINCHROLL_3_REFERENCE_SPEED,08_Pinchroll,핀치롤,N5,D20,IQR,3731,28.394216133942162,critical,13140,lower,34.795553791186975,"Q1=534.96, Q3=534.96","mean=555.06, std=77.10"
PINCHROLL_4_REFERENCE_SPEED,08_Pinchroll,핀치롤,N5,D20,IQR,3880,29.52815829528158,critical,13140,lower,34.795553791186975,"Q1=536.52, Q3=536.52","mean=554.56, std=84.38"
PR6L1_ACT_TORQUE,09_PR_Detailed,PR 상세 (토크+속도),N5,D20,IQR,755,13.719789205887697,warning,5503,upper,36.28574736598356,"Q1=2.353623, Q3=2.711647","mean=2.81, std=1.25"
PR6L2_ACT_TORQUE,09_PR_Detailed,PR 상세 (토크+속도),N5,D20,IQR,1493,20.03220179793372,danger,7453,upper,35.275727312201475,"Q1=-0.1477067, Q3=0.4819167","mean=0.70, std=1.52"
PR7L1_ACT_TORQUE,09_PR_Detailed,PR 상세 (토크+속도),N5,D20,IQR,1047,19.02598582591314,danger,5503,upper,36.28574736598356,"Q1=2.30953, Q3=2.5909250000000004","mean=2.89, std=1.49"
PR7L2_ACT_TORQUE,09_PR_Detailed,PR 상세 (토크+속도),N5,D20,IQR,1642,22.031396752985373,danger,7453,upper,35.275727312201475,"Q1=1.121917, Q3=1.534697","mean=1.94, std=1.59"
PR8L1_ACT_TORQUE,09_PR_Detailed,PR 상세 (토크+속도),N5,D20,IQR,0,0.0,normal,5503,balanced,36.28574736598356,"Q1=2.8381, Q3=33.67258","mean=14.51, std=20.44"
PR9L1_ACT_TORQUE,09_PR_Detailed,PR 상세 (토크+속도),N5,D20,IQR,0,0.0,normal,5503,balanced,36.28574736598356,"Q1=-26.65576, Q3=1.621347","mean=-9.18, std=13.95"
PR6L1_ACT_SPD_MS,09_PR_Detailed,PR 상세 (토크+속도),N5,D20,IQR,1045,18.98964201344721,danger,5503,balanced,36.28574736598356,"Q1=9.448933, Q3=9.449032","mean=9.61, std=1.86"
PR6L2_ACT_SPD_MS,09_PR_Detailed,PR 상세 (토크+속도),N5,D20,IQR,1656,22.2192405742654,danger,7453,balanced,35.275727312201475,"Q1=9.450546, Q3=9.450688","mean=9.83, std=1.96"
PR7L1_ACT_SPD_MS,09_PR_Detailed,PR 상세 (토크+속도),N5,D20,IQR,1089,19.78920588769762,danger,5503,balanced,36.28574736598356,"Q1=9.449692, Q3=9.449783","mean=9.62, std=1.83"
PR7L2_ACT_SPD_MS,09_PR_Detailed,PR 상세 (토크+속도),N5,D20,IQR,1698,22.782772038105463,danger,7453,balanced,35.275727312201475,"Q1=9.450105, Q3=9.450168","mean=9.84, std=1.94"
PR8L1_ACT_SPD_MS,09_PR_Detailed,PR 상세 (토크+속도),N5,D20,IQR,987,17.93567145193531,danger,5503,balanced,36.28574736598356,"Q1=9.0556935, Q3=9.450131","mean=9.33, std=1.84"
PR9L1_ACT_SPD_MS,09_PR_Detailed,PR 상세 (토크+속도),N5,D20,IQR,1045,18.98964201344721,danger,5503,balanced,36.28574736598356,"Q1=8.950812, Q3=9.449974","mean=9.25, std=1.86"
PINCHROLL_2_ACTUAL_SPEED,08_Pinchroll,핀치롤,B5,D13,CUSUM,57,27.866792334275843,drift_detected,0,,,"drift_count=57, max_duration=825",violation_ratio=27.9%
PINCHROLL_3_ACTUAL_SPEED,08_Pinchroll,핀치롤,B5,D13,CUSUM,61,16.116870876531575,drift_detected,0,,,"drift_count=61, max_duration=161",violation_ratio=16.1%
PINCHROLL_4_ACTUAL_SPEED,08_Pinchroll,핀치롤,B5,D13,CUSUM,68,20.059692114357524,drift_detected,0,,,"drift_count=68, max_duration=287",violation_ratio=20.1%
PINCHROLL_2_ACTUAL_TORQUE,08_Pinchroll,핀치롤,B5,D13,CUSUM,45,26.78290920515237,drift_detected,0,,,"drift_count=45, max_duration=189",violation_ratio=26.8%
PINCHROLL_3_ACTUAL_TORQUE,08_Pinchroll,핀치롤,B5,D13,CUSUM,46,27.521206409048066,drift_detected,0,,,"drift_count=46, max_duration=193",violation_ratio=27.5%
PINCHROLL_4_ACTUAL_TORQUE,08_Pinchroll,핀치롤,B5,D13,CUSUM,47,27.31699654414075,drift_detected,0,,,"drift_count=47, max_duration=190",violation_ratio=27.3%
PINCHROLL_2_REFERENCE_TORQUE,08_Pinchroll,핀치롤,B5,D13,CUSUM,5,5.199497329563306,drift_detected,0,,,"drift_count=5, max_duration=140",violation_ratio=5.2%
PINCHROLL_3_REFERENCE_TORQUE,08_Pinchroll,핀치롤,B5,D13,CUSUM,56,22.49450204209865,drift_detected,0,,,"drift_count=56, max_duration=182",violation_ratio=22.5%
PINCHROLL_4_REFERENCE_TORQUE,08_Pinchroll,핀치롤,B5,D13,CUSUM,56,22.368834432924913,drift_detected,0,,,"drift_count=56, max_duration=181",violation_ratio=22.4%
PINCHROLL_3_REFERENCE_SPEED,08_Pinchroll,핀치롤,B5,D13,CUSUM,18,14.090480678605088,drift_detected,0,,,"drift_count=18, max_duration=121",violation_ratio=14.1%
PINCHROLL_4_REFERENCE_SPEED,08_Pinchroll,핀치롤,B5,D13,CUSUM,11,62.22117499214578,drift_detected,0,,,"drift_count=11, max_duration=2120",violation_ratio=62.2%
PR6L1_ACT_TORQUE,09_PR_Detailed,PR 상세 (토크+속도),B5,D13,CUSUM,3,2.1011673151750974,drift_detected,0,,,"drift_count=3, max_duration=15",violation_ratio=2.1%
PR6L2_ACT_TORQUE,09_PR_Detailed,PR 상세 (토크+속도),B5,D13,CUSUM,24,26.43180476284196,drift_detected,0,,,"drift_count=24, max_duration=1006",violation_ratio=26.4%
PR7L1_ACT_TORQUE,09_PR_Detailed,PR 상세 (토크+속도),B5,D13,CUSUM,2,1.1673151750972763,drift_detected,0,,,"drift_count=2, max_duration=10",violation_ratio=1.2%
PR7L2_ACT_TORQUE,09_PR_Detailed,PR 상세 (토크+속도),B5,D13,CUSUM,14,5.766581381617792,drift_detected,0,,,"drift_count=14, max_duration=76",violation_ratio=5.8%
PR8L1_ACT_TORQUE,09_PR_Detailed,PR 상세 (토크+속도),B5,D13,CUSUM,2,0.38910505836575876,drift_detected,0,,,"drift_count=2, max_duration=4",violation_ratio=0.4%
PR9L1_ACT_TORQUE,09_PR_Detailed,PR 상세 (토크+속도),B5,D13,CUSUM,7,2.3346303501945527,drift_detected,0,,,"drift_count=7, max_duration=10",violation_ratio=2.3%
PR6L1_ACT_SPD_MS,09_PR_Detailed,PR 상세 (토크+속도),B5,D13,CUSUM,0,0.0,stable,0,,,"drift_count=0, max_duration=0",violation_ratio=0.0%
PR6L2_ACT_SPD_MS,09_PR_Detailed,PR 상세 (토크+속도),B5,D13,CUSUM,1,4.054320015744932,drift_detected,0,,,"drift_count=1, max_duration=206",violation_ratio=4.1%
PR7L1_ACT_SPD_MS,09_PR_Detailed,PR 상세 (토크+속도),B5,D13,CUSUM,7,2.2568093385214008,drift_detected,0,,,"drift_count=7, max_duration=10",violation_ratio=2.3%
PR7L2_ACT_SPD_MS,09_PR_Detailed,PR 상세 (토크+속도),B5,D13,CUSUM,9,4.762841960244046,drift_detected,0,,,"drift_count=9, max_duration=74",violation_ratio=4.8%
PR8L1_ACT_SPD_MS,09_PR_Detailed,PR 상세 (토크+속도),B5,D13,CUSUM,0,0.0,stable,0,,,"drift_count=0, max_duration=0",violation_ratio=0.0%
PR9L1_ACT_SPD_MS,09_PR_Detailed,PR 상세 (토크+속도),B5,D13,CUSUM,3,0.23346303501945526,drift_detected,0,,,"drift_count=3, max_duration=1",violation_ratio=0.2%
PINCHROLL_2_ACTUAL_SPEED,08_Pinchroll,핀치롤,B5,D16,CUSUM,106,45.58229688257148,drift_detected,0,,,"drift_count=106, max_duration=573",violation_ratio=45.6%
PINCHROLL_3_ACTUAL_SPEED,08_Pinchroll,핀치롤,B5,D16,CUSUM,88,38.71749313519625,drift_detected,0,,,"drift_count=88, max_duration=330",violation_ratio=38.7%
PINCHROLL_4_ACTUAL_SPEED,08_Pinchroll,핀치롤,B5,D16,CUSUM,72,36.6338232918753,drift_detected,0,,,"drift_count=72, max_duration=342",violation_ratio=36.6%
PINCHROLL_2_ACTUAL_TORQUE,08_Pinchroll,핀치롤,B5,D16,CUSUM,63,34.227103860442575,drift_detected,0,,,"drift_count=63, max_duration=351",violation_ratio=34.2%
PINCHROLL_3_ACTUAL_TORQUE,08_Pinchroll,핀치롤,B5,D16,CUSUM,64,34.114036504603455,drift_detected,0,,,"drift_count=64, max_duration=350",violation_ratio=34.1%
PINCHROLL_4_ACTUAL_TORQUE,08_Pinchroll,핀치롤,B5,D16,CUSUM,67,34.227103860442575,drift_detected,0,,,"drift_count=67, max_duration=347",violation_ratio=34.2%
PINCHROLL_2_REFERENCE_TORQUE,08_Pinchroll,핀치롤,B5,D16,CUSUM,6,7.607817800032304,drift_detected,0,,,"drift_count=6, max_duration=148",violation_ratio=7.6%
PINCHROLL_3_REFERENCE_TORQUE,08_Pinchroll,핀치롤,B5,D16,CUSUM,72,33.16104021967372,drift_detected,0,,,"drift_count=72, max_duration=361",violation_ratio=33.2%
PINCHROLL_4_REFERENCE_TORQUE,08_Pinchroll,핀치롤,B5,D16,CUSUM,72,33.17719269907931,drift_detected,0,,,"drift_count=72, max_duration=360",violation_ratio=33.2%
PINCHROLL_3_REFERENCE_SPEED,08_Pinchroll,핀치롤,B5,D16,CUSUM,2,18.155386851881765,drift_detected,0,,,"drift_count=2, max_duration=1061",violation_ratio=18.2%
PINCHROLL_4_REFERENCE_SPEED,08_Pinchroll,핀치롤,B5,D16,CUSUM,1,18.05847197544823,drift_detected,0,,,"drift_count=1, max_duration=1118",violation_ratio=18.1%
PR6L1_ACT_TORQUE,09_PR_Detailed,PR 상세 (토크+속도),B5,D16,CUSUM,165,7.137042062415197,drift_detected,0,,,"drift_count=165, max_duration=22",violation_ratio=7.1%
PR6L2_ACT_TORQUE,09_PR_Detailed,PR 상세 (토크+속도),B5,D16,CUSUM,1,0.3284072249589491,drift_detected,0,,,"drift_count=1, max_duration=8",violation_ratio=0.3%
PR7L1_ACT_TORQUE,09_PR_Detailed,PR 상세 (토크+속도),B5,D16,CUSUM,176,6.132971506105835,drift_detected,0,,,"drift_count=176, max_duration=2",violation_ratio=6.1%
PR7L2_ACT_TORQUE,09_PR_Detailed,PR 상세 (토크+속도),B5,D16,CUSUM,0,0.0,stable,0,,,"drift_count=0, max_duration=0",violation_ratio=0.0%
PR8L1_ACT_TORQUE,09_PR_Detailed,PR 상세 (토크+속도),B5,D16,CUSUM,171,10.909090909090908,drift_detected,0,,,"drift_count=171, max_duration=35",violation_ratio=10.9%
PR9L1_ACT_TORQUE,09_PR_Detailed,PR 상세 (토크+속도),B5,D16,CUSUM,120,17.313432835820898,drift_detected,0,,,"drift_count=120, max_duration=91",violation_ratio=17.3%
PR6L1_ACT_SPD_MS,09_PR_Detailed,PR 상세 (토크+속도),B5,D16,CUSUM,176,5.6716417910447765,drift_detected,0,,,"drift_count=176, max_duration=2",violation_ratio=5.7%
PR6L2_ACT_SPD_MS,09_PR_Detailed,PR 상세 (토크+속도),B5,D16,CUSUM,0,0.0,stable,0,,,"drift_count=0, max_duration=0",violation_ratio=0.0%
PR7L1_ACT_SPD_MS,09_PR_Detailed,PR 상세 (토크+속도),B5,D16,CUSUM,176,5.753052917232022,drift_detected,0,,,"drift_count=176, max_duration=2",violation_ratio=5.8%
PR7L2_ACT_SPD_MS,09_PR_Detailed,PR 상세 (토크+속도),B5,D16,CUSUM,0,0.0,stable,0,,,"drift_count=0, max_duration=0",violation_ratio=0.0%
PR8L1_ACT_SPD_MS,09_PR_Detailed,PR 상세 (토크+속도),B5,D16,CUSUM,75,13.080054274084125,drift_detected,0,,,"drift_count=75, max_duration=64",violation_ratio=13.1%
PR9L1_ACT_SPD_MS,09_PR_Detailed,PR 상세 (토크+속도),B5,D16,CUSUM,79,12.727272727272727,drift_detected,0,,,"drift_count=79, max_duration=66",violation_ratio=12.7%
PINCHROLL_2_ACTUAL_SPEED,08_Pinchroll,핀치롤,D4,D10,CUSUM,77,33.77829367382472,drift_detected,0,,,"drift_count=77, max_duration=1001",violation_ratio=33.8%
PINCHROLL_3_ACTUAL_SPEED,08_Pinchroll,핀치롤,D4,D10,CUSUM,1,99.40303457424757,drift_detected,0,,,"drift_count=1, max_duration=11989",violation_ratio=99.4%
PINCHROLL_4_ACTUAL_SPEED,08_Pinchroll,핀치롤,D4,D10,CUSUM,2,94.30395489594561,drift_detected,0,,,"drift_count=2, max_duration=9618",violation_ratio=94.3%
PINCHROLL_2_ACTUAL_TORQUE,08_Pinchroll,핀치롤,D4,D10,CUSUM,97,37.79951911118481,drift_detected,0,,,"drift_count=97, max_duration=451",violation_ratio=37.8%
PINCHROLL_3_ACTUAL_TORQUE,08_Pinchroll,핀치롤,D4,D10,CUSUM,50,94.17129591244507,drift_detected,0,,,"drift_count=50, max_duration=8207",violation_ratio=94.2%
PINCHROLL_4_ACTUAL_TORQUE,08_Pinchroll,핀치롤,D4,D10,CUSUM,52,73.63402702926788,drift_detected,0,,,"drift_count=52, max_duration=4001",violation_ratio=73.6%
PINCHROLL_2_REFERENCE_TORQUE,08_Pinchroll,핀치롤,D4,D10,CUSUM,5,3.4574247574827957,drift_detected,0,,,"drift_count=5, max_duration=233",violation_ratio=3.5%
PINCHROLL_3_REFERENCE_TORQUE,08_Pinchroll,핀치롤,D4,D10,CUSUM,9,98.26714202802421,drift_detected,0,,,"drift_count=9, max_duration=8717",violation_ratio=98.3%
PINCHROLL_4_REFERENCE_TORQUE,08_Pinchroll,핀치롤,D4,D10,CUSUM,147,45.50203134068485,drift_detected,0,,,"drift_count=147, max_duration=299",violation_ratio=45.5%
PINCHROLL_3_REFERENCE_SPEED,08_Pinchroll,핀치롤,D4,D10,CUSUM,1,99.58544067656082,drift_detected,0,,,"drift_count=1, max_duration=12011",violation_ratio=99.6%
PINCHROLL_4_REFERENCE_SPEED,08_Pinchroll,핀치롤,D4,D10,CUSUM,2,92.81154133156456,drift_detected,0,,,"drift_count=2, max_duration=9657",violation_ratio=92.8%
PR6L1_ACT_TORQUE,09_PR_Detailed,PR 상세 (토크+속도),D4,D10,CUSUM,2,52.93882447021192,drift_detected,0,,,"drift_count=2, max_duration=1215",violation_ratio=52.9%
PR6L2_ACT_TORQUE,09_PR_Detailed,PR 상세 (토크+속도),D4,D10,CUSUM,1,99.69665271966527,drift_detected,0,,,"drift_count=1, max_duration=9531",violation_ratio=99.7%
PR7L1_ACT_TORQUE,09_PR_Detailed,PR 상세 (토크+속도),D4,D10,CUSUM,1,99.8000799680128,drift_detected,0,,,"drift_count=1, max_duration=2496",violation_ratio=99.8%
PR7L2_ACT_TORQUE,09_PR_Detailed,PR 상세 (토크+속도),D4,D10,CUSUM,2,74.2050209205021,drift_detected,0,,,"drift_count=2, max_duration=6166",violation_ratio=74.2%
PR8L1_ACT_TORQUE,09_PR_Detailed,PR 상세 (토크+속도),D4,D10,CUSUM,1,99.64014394242304,drift_detected,0,,,"drift_count=1, max_duration=2492",violation_ratio=99.6%
PR9L1_ACT_TORQUE,09_PR_Detailed,PR 상세 (토크+속도),D4,D10,CUSUM,95,16.193522590963614,drift_detected,0,,,"drift_count=95, max_duration=87",violation_ratio=16.2%
PR6L1_ACT_SPD_MS,09_PR_Detailed,PR 상세 (토크+속도),D4,D10,CUSUM,1,99.8000799680128,drift_detected,0,,,"drift_count=1, max_duration=2496",violation_ratio=99.8%
PR6L2_ACT_SPD_MS,09_PR_Detailed,PR 상세 (토크+속도),D4,D10,CUSUM,1,99.71757322175733,drift_detected,0,,,"drift_count=1, max_duration=9533",violation_ratio=99.7%
PR7L1_ACT_SPD_MS,09_PR_Detailed,PR 상세 (토크+속도),D4,D10,CUSUM,1,99.8000799680128,drift_detected,0,,,"drift_count=1, max_duration=2496",violation_ratio=99.8%
PR7L2_ACT_SPD_MS,09_PR_Detailed,PR 상세 (토크+속도),D4,D10,CUSUM,1,99.71757322175733,drift_detected,0,,,"drift_count=1, max_duration=9533",violation_ratio=99.7%
PR8L1_ACT_SPD_MS,09_PR_Detailed,PR 상세 (토크+속도),D4,D10,CUSUM,1,99.76009596161536,drift_detected,0,,,"drift_count=1, max_duration=2495",violation_ratio=99.8%
PR9L1_ACT_SPD_MS,09_PR_Detailed,PR 상세 (토크+속도),D4,D10,CUSUM,1,99.76009596161536,drift_detected,0,,,"drift_count=1, max_duration=2495",violation_ratio=99.8%
PINCHROLL_2_ACTUAL_SPEED,08_Pinchroll,핀치롤,D4,D13,CUSUM,28,74.32116104868915,drift_detected,0,,,"drift_count=28, max_duration=1687",violation_ratio=74.3%
PINCHROLL_3_ACTUAL_SPEED,08_Pinchroll,핀치롤,D4,D13,CUSUM,4,88.03838951310861,drift_detected,0,,,"drift_count=4, max_duration=3577",violation_ratio=88.0%
PINCHROLL_4_ACTUAL_SPEED,08_Pinchroll,핀치롤,D4,D13,CUSUM,23,44.592696629213485,drift_detected,0,,,"drift_count=23, max_duration=1101",violation_ratio=44.6%
PINCHROLL_2_ACTUAL_TORQUE,08_Pinchroll,핀치롤,D4,D13,CUSUM,62,34.901685393258425,drift_detected,0,,,"drift_count=62, max_duration=323",violation_ratio=34.9%
PINCHROLL_3_ACTUAL_TORQUE,08_Pinchroll,핀치롤,D4,D13,CUSUM,12,97.82303370786516,drift_detected,0,,,"drift_count=12, max_duration=3451",violation_ratio=97.8%
PINCHROLL_4_ACTUAL_TORQUE,08_Pinchroll,핀치롤,D4,D13,CUSUM,67,52.45786516853933,drift_detected,0,,,"drift_count=67, max_duration=470",violation_ratio=52.5%
PINCHROLL_3_REFERENCE_TORQUE,08_Pinchroll,핀치롤,D4,D13,CUSUM,2,99.43820224719101,drift_detected,0,,,"drift_count=2, max_duration=4247",violation_ratio=99.4%
PINCHROLL_4_REFERENCE_TORQUE,08_Pinchroll,핀치롤,D4,D13,CUSUM,75,34.15262172284644,drift_detected,0,,,"drift_count=75, max_duration=230",violation_ratio=34.2%
PINCHROLL_3_REFERENCE_SPEED,08_Pinchroll,핀치롤,D4,D13,CUSUM,2,87.59363295880149,drift_detected,0,,,"drift_count=2, max_duration=2086",violation_ratio=87.6%
PINCHROLL_4_REFERENCE_SPEED,08_Pinchroll,핀치롤,D4,D13,CUSUM,1,94.10112359550563,drift_detected,0,,,"drift_count=1, max_duration=4020",violation_ratio=94.1%
PR6L1_ACT_TORQUE,09_PR_Detailed,PR 상세 (토크+속도),D4,D13,CUSUM,5,73.73023881601077,drift_detected,0,,,"drift_count=5, max_duration=1264",violation_ratio=73.7%
PR6L2_ACT_TORQUE,09_PR_Detailed,PR 상세 (토크+속도),D4,D13,CUSUM,1,99.35948759007206,drift_detected,0,,,"drift_count=1, max_duration=1241",violation_ratio=99.4%
PR7L1_ACT_TORQUE,09_PR_Detailed,PR 상세 (토크+속도),D4,D13,CUSUM,3,37.504204507231755,drift_detected,0,,,"drift_count=3, max_duration=1113",violation_ratio=37.5%
PR7L2_ACT_TORQUE,09_PR_Detailed,PR 상세 (토크+속도),D4,D13,CUSUM,1,99.19935948759007,drift_detected,0,,,"drift_count=1, max_duration=1239",violation_ratio=99.2%
PR8L1_ACT_TORQUE,09_PR_Detailed,PR 상세 (토크+속도),D4,D13,CUSUM,1,36.495122771611165,drift_detected,0,,,"drift_count=1, max_duration=1085",violation_ratio=36.5%
PR9L1_ACT_TORQUE,09_PR_Detailed,PR 상세 (토크+속도),D4,D13,CUSUM,5,30.104271779347457,drift_detected,0,,,"drift_count=5, max_duration=857",violation_ratio=30.1%
PR6L1_ACT_SPD_MS,09_PR_Detailed,PR 상세 (토크+속도),D4,D13,CUSUM,1,95.35822401614531,drift_detected,0,,,"drift_count=1, max_duration=2835",violation_ratio=95.4%
PR6L2_ACT_SPD_MS,09_PR_Detailed,PR 상세 (토크+속도),D4,D13,CUSUM,1,99.35948759007206,drift_detected,0,,,"drift_count=1, max_duration=1241",violation_ratio=99.4%
PR7L1_ACT_SPD_MS,09_PR_Detailed,PR 상세 (토크+속도),D4,D13,CUSUM,1,97.34275142953246,drift_detected,0,,,"drift_count=1, max_duration=2894",violation_ratio=97.3%
PR7L2_ACT_SPD_MS,09_PR_Detailed,PR 상세 (토크+속도),D4,D13,CUSUM,1,99.35948759007206,drift_detected,0,,,"drift_count=1, max_duration=1241",violation_ratio=99.4%
PR8L1_ACT_SPD_MS,09_PR_Detailed,PR 상세 (토크+속도),D4,D13,CUSUM,1,97.27547931382442,drift_detected,0,,,"drift_count=1, max_duration=2892",violation_ratio=97.3%
PR9L1_ACT_SPD_MS,09_PR_Detailed,PR 상세 (토크+속도),D4,D13,CUSUM,1,97.47729566094854,drift_detected,0,,,"drift_count=1, max_duration=2898",violation_ratio=97.5%
PINCHROLL_2_ACTUAL_SPEED,08_Pinchroll,핀치롤,D5,D10,CUSUM,156,27.014738838131358,drift_detected,0,,,"drift_count=156, max_duration=2966",violation_ratio=27.0%
PINCHROLL_3_ACTUAL_SPEED,08_Pinchroll,핀치롤,D5,D10,CUSUM,28,32.30046543699362,drift_detected,0,,,"drift_count=28, max_duration=13767",violation_ratio=32.3%
PINCHROLL_4_ACTUAL_SPEED,08_Pinchroll,핀치롤,D5,D10,CUSUM,27,34.13420099982762,drift_detected,0,,,"drift_count=27, max_duration=14708",violation_ratio=34.1%
PINCHROLL_2_ACTUAL_TORQUE,08_Pinchroll,핀치롤,D5,D10,CUSUM,310,51.24332011722117,drift_detected,0,,,"drift_count=310, max_duration=1913",violation_ratio=51.2%
PINCHROLL_3_ACTUAL_TORQUE,08_Pinchroll,핀치롤,D5,D10,CUSUM,241,75.41803137390104,drift_detected,0,,,"drift_count=241, max_duration=6432",violation_ratio=75.4%
PINCHROLL_4_ACTUAL_TORQUE,08_Pinchroll,핀치롤,D5,D10,CUSUM,148,57.91889329425961,drift_detected,0,,,"drift_count=148, max_duration=5064",violation_ratio=57.9%
PINCHROLL_2_REFERENCE_TORQUE,08_Pinchroll,핀치롤,D5,D10,CUSUM,43,12.010860196517841,drift_detected,0,,,"drift_count=43, max_duration=805",violation_ratio=12.0%
PINCHROLL_3_REFERENCE_TORQUE,08_Pinchroll,핀치롤,D5,D10,CUSUM,205,85.80848129632822,drift_detected,0,,,"drift_count=205, max_duration=6432",violation_ratio=85.8%
PINCHROLL_4_REFERENCE_TORQUE,08_Pinchroll,핀치롤,D5,D10,CUSUM,332,46.4230305119807,drift_detected,0,,,"drift_count=332, max_duration=1688",violation_ratio=46.4%
PINCHROLL_3_REFERENCE_SPEED,08_Pinchroll,핀치롤,D5,D10,CUSUM,28,33.83252887433201,drift_detected,0,,,"drift_count=28, max_duration=14064",violation_ratio=33.8%
PINCHROLL_4_REFERENCE_SPEED,08_Pinchroll,핀치롤,D5,D10,CUSUM,25,34.750474056197206,drift_detected,0,,,"drift_count=25, max_duration=14458",violation_ratio=34.8%
PR6L1_ACT_TORQUE,09_PR_Detailed,PR 상세 (토크+속도),D5,D10,CUSUM,7,62.781511311752936,drift_detected,0,,,"drift_count=7, max_duration=8657",violation_ratio=62.8%
PR6L2_ACT_TORQUE,09_PR_Detailed,PR 상세 (토크+속도),D5,D10,CUSUM,8,36.06214065415223,drift_detected,0,,,"drift_count=8, max_duration=9094",violation_ratio=36.1%
PR7L1_ACT_TORQUE,09_PR_Detailed,PR 상세 (토크+속도),D5,D10,CUSUM,5,48.89960498640538,drift_detected,0,,,"drift_count=5, max_duration=6788",violation_ratio=48.9%
PR7L2_ACT_TORQUE,09_PR_Detailed,PR 상세 (토크+속도),D5,D10,CUSUM,6,50.53497315615124,drift_detected,0,,,"drift_count=6, max_duration=8813",violation_ratio=50.5%
PR8L1_ACT_TORQUE,09_PR_Detailed,PR 상세 (토크+속도),D5,D10,CUSUM,153,40.89673216026266,drift_detected,0,,,"drift_count=153, max_duration=2385",violation_ratio=40.9%
PR9L1_ACT_TORQUE,09_PR_Detailed,PR 상세 (토크+속도),D5,D10,CUSUM,234,27.148207048684142,drift_detected,0,,,"drift_count=234, max_duration=2069",violation_ratio=27.1%
PR6L1_ACT_SPD_MS,09_PR_Detailed,PR 상세 (토크+속도),D5,D10,CUSUM,10,34.23793156517724,drift_detected,0,,,"drift_count=10, max_duration=3006",violation_ratio=34.2%
PR6L2_ACT_SPD_MS,09_PR_Detailed,PR 상세 (토크+속도),D5,D10,CUSUM,11,22.99432661919811,drift_detected,0,,,"drift_count=11, max_duration=4097",violation_ratio=23.0%
PR7L1_ACT_SPD_MS,09_PR_Detailed,PR 상세 (토크+속도),D5,D10,CUSUM,10,34.7252860001026,drift_detected,0,,,"drift_count=10, max_duration=3053",violation_ratio=34.7%
PR7L2_ACT_SPD_MS,09_PR_Detailed,PR 상세 (토크+속도),D5,D10,CUSUM,11,23.306552945208086,drift_detected,0,,,"drift_count=11, max_duration=4097",violation_ratio=23.3%
PR8L1_ACT_SPD_MS,09_PR_Detailed,PR 상세 (토크+속도),D5,D10,CUSUM,12,34.77145642025342,drift_detected,0,,,"drift_count=12, max_duration=3037",violation_ratio=34.8%
PR9L1_ACT_SPD_MS,09_PR_Detailed,PR 상세 (토크+속도),D5,D10,CUSUM,12,34.8894474939722,drift_detected,0,,,"drift_count=12, max_duration=3021",violation_ratio=34.9%
PINCHROLL_2_ACTUAL_SPEED,08_Pinchroll,핀치롤,D5,D13,CUSUM,54,28.141118217454096,drift_detected,0,,,"drift_count=54, max_duration=230",violation_ratio=28.1%
PINCHROLL_3_ACTUAL_SPEED,08_Pinchroll,핀치롤,D5,D13,CUSUM,15,21.42562409737982,drift_detected,0,,,"drift_count=15, max_duration=1339",violation_ratio=21.4%
PINCHROLL_4_ACTUAL_SPEED,08_Pinchroll,핀치롤,D5,D13,CUSUM,9,16.4534763771405,drift_detected,0,,,"drift_count=9, max_duration=635",violation_ratio=16.5%
PINCHROLL_2_ACTUAL_TORQUE,08_Pinchroll,핀치롤,D5,D13,CUSUM,82,71.68351557664535,drift_detected,0,,,"drift_count=82, max_duration=844",violation_ratio=71.7%
PINCHROLL_3_ACTUAL_TORQUE,08_Pinchroll,핀치롤,D5,D13,CUSUM,30,79.21394677119868,drift_detected,0,,,"drift_count=30, max_duration=1968",violation_ratio=79.2%
PINCHROLL_4_ACTUAL_TORQUE,08_Pinchroll,핀치롤,D5,D13,CUSUM,32,79.46152259129359,drift_detected,0,,,"drift_count=32, max_duration=1966",violation_ratio=79.5%
PINCHROLL_2_REFERENCE_TORQUE,08_Pinchroll,핀치롤,D5,D13,CUSUM,18,14.606973385599339,drift_detected,0,,,"drift_count=18, max_duration=131",violation_ratio=14.6%
PINCHROLL_3_REFERENCE_TORQUE,08_Pinchroll,핀치롤,D5,D13,CUSUM,108,58.68578502166288,drift_detected,0,,,"drift_count=108, max_duration=878",violation_ratio=58.7%
PINCHROLL_4_REFERENCE_TORQUE,08_Pinchroll,핀치롤,D5,D13,CUSUM,108,58.747678976686615,drift_detected,0,,,"drift_count=108, max_duration=878",violation_ratio=58.7%
PINCHROLL_3_REFERENCE_SPEED,08_Pinchroll,핀치롤,D5,D13,CUSUM,15,23.98390757169383,drift_detected,0,,,"drift_count=15, max_duration=1339",violation_ratio=24.0%
PINCHROLL_4_REFERENCE_SPEED,08_Pinchroll,핀치롤,D5,D13,CUSUM,9,20.002063131834124,drift_detected,0,,,"drift_count=9, max_duration=814",violation_ratio=20.0%
PR6L1_ACT_TORQUE,09_PR_Detailed,PR 상세 (토크+속도),D5,D13,CUSUM,6,39.015817223198596,drift_detected,0,,,"drift_count=6, max_duration=1137",violation_ratio=39.0%
PR6L2_ACT_TORQUE,09_PR_Detailed,PR 상세 (토크+속도),D5,D13,CUSUM,1,28.88705688375928,drift_detected,0,,,"drift_count=1, max_duration=1752",violation_ratio=28.9%
PR7L1_ACT_TORQUE,09_PR_Detailed,PR 상세 (토크+속도),D5,D13,CUSUM,17,6.2683069712946695,drift_detected,0,,,"drift_count=17, max_duration=67",violation_ratio=6.3%
PR7L2_ACT_TORQUE,09_PR_Detailed,PR 상세 (토크+속도),D5,D13,CUSUM,146,56.669414674361086,drift_detected,0,,,"drift_count=146, max_duration=246",violation_ratio=56.7%
PR8L1_ACT_TORQUE,09_PR_Detailed,PR 상세 (토크+속도),D5,D13,CUSUM,4,2.870533099004101,drift_detected,0,,,"drift_count=4, max_duration=44",violation_ratio=2.9%
PR9L1_ACT_TORQUE,09_PR_Detailed,PR 상세 (토크+속도),D5,D13,CUSUM,28,9.78324545987112,drift_detected,0,,,"drift_count=28, max_duration=80",violation_ratio=9.8%
PR6L1_ACT_SPD_MS,09_PR_Detailed,PR 상세 (토크+속도),D5,D13,CUSUM,11,37.7270064440539,drift_detected,0,,,"drift_count=11, max_duration=1129",violation_ratio=37.7%
PR6L2_ACT_SPD_MS,09_PR_Detailed,PR 상세 (토크+속도),D5,D13,CUSUM,19,9.497114591920857,drift_detected,0,,,"drift_count=19, max_duration=237",violation_ratio=9.5%
PR7L1_ACT_SPD_MS,09_PR_Detailed,PR 상세 (토크+속도),D5,D13,CUSUM,22,8.46514352665495,drift_detected,0,,,"drift_count=22, max_duration=69",violation_ratio=8.5%
PR7L2_ACT_SPD_MS,09_PR_Detailed,PR 상세 (토크+속도),D5,D13,CUSUM,8,6.265457543281121,drift_detected,0,,,"drift_count=8, max_duration=182",violation_ratio=6.3%
PR8L1_ACT_SPD_MS,09_PR_Detailed,PR 상세 (토크+속도),D5,D13,CUSUM,4,8.318687756297598,drift_detected,0,,,"drift_count=4, max_duration=248",violation_ratio=8.3%
PR9L1_ACT_SPD_MS,09_PR_Detailed,PR 상세 (토크+속도),D5,D13,CUSUM,5,8.553016988869361,drift_detected,0,,,"drift_count=5, max_duration=248",violation_ratio=8.6%
PINCHROLL_2_ACTUAL_SPEED,08_Pinchroll,핀치롤,N5,D10,CUSUM,18,96.14862295616274,drift_detected,0,,,"drift_count=18, max_duration=7730",violation_ratio=96.1%
PINCHROLL_3_ACTUAL_SPEED,08_Pinchroll,핀치롤,N5,D10,CUSUM,1,99.94024661850182,drift_detected,0,,,"drift_count=1, max_duration=18398",violation_ratio=99.9%
PINCHROLL_4_ACTUAL_SPEED,08_Pinchroll,핀치롤,N5,D10,CUSUM,1,99.94024661850182,drift_detected,0,,,"drift_count=1, max_duration=18398",violation_ratio=99.9%
PINCHROLL_2_ACTUAL_TORQUE,08_Pinchroll,핀치롤,N5,D10,CUSUM,225,75.55000271606279,drift_detected,0,,,"drift_count=225, max_duration=5097",violation_ratio=75.6%
PINCHROLL_3_ACTUAL_TORQUE,08_Pinchroll,핀치롤,N5,D10,CUSUM,55,92.7698408387202,drift_detected,0,,,"drift_count=55, max_duration=6773",violation_ratio=92.8%
PINCHROLL_4_ACTUAL_TORQUE,08_Pinchroll,핀치롤,N5,D10,CUSUM,96,90.93378238904883,drift_detected,0,,,"drift_count=96, max_duration=12531",violation_ratio=90.9%
PINCHROLL_2_REFERENCE_TORQUE,08_Pinchroll,핀치롤,N5,D10,CUSUM,13,17.154652615568473,drift_detected,0,,,"drift_count=13, max_duration=638",violation_ratio=17.2%
PINCHROLL_3_REFERENCE_TORQUE,08_Pinchroll,핀치롤,N5,D10,CUSUM,127,92.32983866586996,drift_detected,0,,,"drift_count=127, max_duration=6181",violation_ratio=92.3%
PINCHROLL_4_REFERENCE_TORQUE,08_Pinchroll,핀치롤,N5,D10,CUSUM,127,69.38997229615948,drift_detected,0,,,"drift_count=127, max_duration=2536",violation_ratio=69.4%
PINCHROLL_3_REFERENCE_SPEED,08_Pinchroll,핀치롤,N5,D10,CUSUM,1,99.93481449291107,drift_detected,0,,,"drift_count=1, max_duration=18397",violation_ratio=99.9%
PINCHROLL_4_REFERENCE_SPEED,08_Pinchroll,핀치롤,N5,D10,CUSUM,1,99.94024661850182,drift_detected,0,,,"drift_count=1, max_duration=18398",violation_ratio=99.9%
PR6L1_ACT_TORQUE,09_PR_Detailed,PR 상세 (토크+속도),N5,D10,CUSUM,1,25.43582932093641,drift_detected,0,,,"drift_count=1, max_duration=1532",violation_ratio=25.4%
PR6L2_ACT_TORQUE,09_PR_Detailed,PR 상세 (토크+속도),N5,D10,CUSUM,1,70.02896152254861,drift_detected,0,,,"drift_count=1, max_duration=8463",violation_ratio=70.0%
PR7L1_ACT_TORQUE,09_PR_Detailed,PR 상세 (토크+속도),N5,D10,CUSUM,7,17.732027228955673,drift_detected,0,,,"drift_count=7, max_duration=732",violation_ratio=17.7%
PR7L2_ACT_TORQUE,09_PR_Detailed,PR 상세 (토크+속도),N5,D10,CUSUM,1,70.29375258585023,drift_detected,0,,,"drift_count=1, max_duration=8495",violation_ratio=70.3%
PR8L1_ACT_TORQUE,09_PR_Detailed,PR 상세 (토크+속도),N5,D10,CUSUM,78,36.177984393159555,drift_detected,0,,,"drift_count=78, max_duration=391",violation_ratio=36.2%
PR9L1_ACT_TORQUE,09_PR_Detailed,PR 상세 (토크+속도),N5,D10,CUSUM,108,40.760418396148104,drift_detected,0,,,"drift_count=108, max_duration=343",violation_ratio=40.8%
PR6L1_ACT_SPD_MS,09_PR_Detailed,PR 상세 (토크+속도),N5,D10,CUSUM,1,66.27926282583431,drift_detected,0,,,"drift_count=1, max_duration=3992",violation_ratio=66.3%
PR6L2_ACT_SPD_MS,09_PR_Detailed,PR 상세 (토크+속도),N5,D10,CUSUM,1,70.29375258585023,drift_detected,0,,,"drift_count=1, max_duration=8495",violation_ratio=70.3%
PR7L1_ACT_SPD_MS,09_PR_Detailed,PR 상세 (토크+속도),N5,D10,CUSUM,1,66.26265980408435,drift_detected,0,,,"drift_count=1, max_duration=3991",violation_ratio=66.3%
PR7L2_ACT_SPD_MS,09_PR_Detailed,PR 상세 (토크+속도),N5,D10,CUSUM,1,70.29375258585023,drift_detected,0,,,"drift_count=1, max_duration=8495",violation_ratio=70.3%
PR8L1_ACT_SPD_MS,09_PR_Detailed,PR 상세 (토크+속도),N5,D10,CUSUM,2,67.77353478333058,drift_detected,0,,,"drift_count=2, max_duration=4002",violation_ratio=67.8%
PR9L1_ACT_SPD_MS,09_PR_Detailed,PR 상세 (토크+속도),N5,D10,CUSUM,2,67.79013780508052,drift_detected,0,,,"drift_count=2, max_duration=4002",violation_ratio=67.8%
PINCHROLL_2_ACTUAL_SPEED,08_Pinchroll,핀치롤,N5,D12,CUSUM,145,64.39990044607815,drift_detected,0,,,"drift_count=145, max_duration=8103",violation_ratio=64.4%
PINCHROLL_3_ACTUAL_SPEED,08_Pinchroll,핀치롤,N5,D12,CUSUM,27,35.201883866521165,drift_detected,0,,,"drift_count=27, max_duration=9884",violation_ratio=35.2%
PINCHROLL_4_ACTUAL_SPEED,08_Pinchroll,핀치롤,N5,D12,CUSUM,23,34.418853981199625,drift_detected,0,,,"drift_count=23, max_duration=8972",violation_ratio=34.4%
PINCHROLL_2_ACTUAL_TORQUE,08_Pinchroll,핀치롤,N5,D12,CUSUM,332,76.55505140428464,drift_detected,0,,,"drift_count=332, max_duration=5813",violation_ratio=76.6%
PINCHROLL_3_ACTUAL_TORQUE,08_Pinchroll,핀치롤,N5,D12,CUSUM,289,78.93094403920892,drift_detected,0,,,"drift_count=289, max_duration=4580",violation_ratio=78.9%
PINCHROLL_4_ACTUAL_TORQUE,08_Pinchroll,핀치롤,N5,D12,CUSUM,311,78.72800719851435,drift_detected,0,,,"drift_count=311, max_duration=5813",violation_ratio=78.7%
PINCHROLL_2_REFERENCE_TORQUE,08_Pinchroll,핀치롤,N5,D12,CUSUM,58,12.474872207225317,drift_detected,0,,,"drift_count=58, max_duration=948",violation_ratio=12.5%
PINCHROLL_3_REFERENCE_TORQUE,08_Pinchroll,핀치롤,N5,D12,CUSUM,338,77.7592709589723,drift_detected,0,,,"drift_count=338, max_duration=3825",violation_ratio=77.8%
PINCHROLL_4_REFERENCE_TORQUE,08_Pinchroll,핀치롤,N5,D12,CUSUM,321,77.29021882717822,drift_detected,0,,,"drift_count=321, max_duration=4015",violation_ratio=77.3%
PINCHROLL_3_REFERENCE_SPEED,08_Pinchroll,핀치롤,N5,D12,CUSUM,28,36.2510290429422,drift_detected,0,,,"drift_count=28, max_duration=9884",violation_ratio=36.3%
PINCHROLL_4_REFERENCE_SPEED,08_Pinchroll,핀치롤,N5,D12,CUSUM,22,35.52543411253422,drift_detected,0,,,"drift_count=22, max_duration=9884",violation_ratio=35.5%
PR6L1_ACT_TORQUE,09_PR_Detailed,PR 상세 (토크+속도),N5,D12,CUSUM,15,37.396953649615114,drift_detected,0,,,"drift_count=15, max_duration=3621",violation_ratio=37.4%
PR6L2_ACT_TORQUE,09_PR_Detailed,PR 상세 (토크+속도),N5,D12,CUSUM,8,23.05526968944851,drift_detected,0,,,"drift_count=8, max_duration=4750",violation_ratio=23.1%
PR7L1_ACT_TORQUE,09_PR_Detailed,PR 상세 (토크+속도),N5,D12,CUSUM,6,26.658295572419068,drift_detected,0,,,"drift_count=6, max_duration=2491",violation_ratio=26.7%
PR7L2_ACT_TORQUE,09_PR_Detailed,PR 상세 (토크+속도),N5,D12,CUSUM,10,29.133119438222653,drift_detected,0,,,"drift_count=10, max_duration=5695",violation_ratio=29.1%
PR8L1_ACT_TORQUE,09_PR_Detailed,PR 상세 (토크+속도),N5,D12,CUSUM,368,27.460828738330513,drift_detected,0,,,"drift_count=368, max_duration=978",violation_ratio=27.5%
PR9L1_ACT_TORQUE,09_PR_Detailed,PR 상세 (토크+속도),N5,D12,CUSUM,363,27.630070426379866,drift_detected,0,,,"drift_count=363, max_duration=910",violation_ratio=27.6%
PR6L1_ACT_SPD_MS,09_PR_Detailed,PR 상세 (토크+속도),N5,D12,CUSUM,7,26.67467380029481,drift_detected,0,,,"drift_count=7, max_duration=3950",violation_ratio=26.7%
PR6L2_ACT_SPD_MS,09_PR_Detailed,PR 상세 (토크+속도),N5,D12,CUSUM,12,32.208366123857374,drift_detected,0,,,"drift_count=12, max_duration=5758",violation_ratio=32.2%
PR7L1_ACT_SPD_MS,09_PR_Detailed,PR 상세 (토크+속도),N5,D12,CUSUM,7,26.832996669760334,drift_detected,0,,,"drift_count=7, max_duration=3950",violation_ratio=26.8%
PR7L2_ACT_SPD_MS,09_PR_Detailed,PR 상세 (토크+속도),N5,D12,CUSUM,12,32.83794418548338,drift_detected,0,,,"drift_count=12, max_duration=5758",violation_ratio=32.8%
PR8L1_ACT_SPD_MS,09_PR_Detailed,PR 상세 (토크+속도),N5,D12,CUSUM,10,31.959381994868156,drift_detected,0,,,"drift_count=10, max_duration=3950",violation_ratio=32.0%
PR9L1_ACT_SPD_MS,09_PR_Detailed,PR 상세 (토크+속도),N5,D12,CUSUM,10,31.948463176284324,drift_detected,0,,,"drift_count=10, max_duration=3950",violation_ratio=31.9%
PINCHROLL_2_ACTUAL_SPEED,08_Pinchroll,핀치롤,N5,D16,CUSUM,213,47.895123090266196,drift_detected,0,,,"drift_count=213, max_duration=4223",violation_ratio=47.9%
PINCHROLL_3_ACTUAL_SPEED,08_Pinchroll,핀치롤,N5,D16,CUSUM,4,17.07251984788845,drift_detected,0,,,"drift_count=4, max_duration=2766",violation_ratio=17.1%
PINCHROLL_4_ACTUAL_SPEED,08_Pinchroll,핀치롤,N5,D16,CUSUM,3,16.191874040963373,drift_detected,0,,,"drift_count=3, max_duration=2766",violation_ratio=16.2%
PINCHROLL_2_ACTUAL_TORQUE,08_Pinchroll,핀치롤,N5,D16,CUSUM,354,43.50857295349923,drift_detected,0,,,"drift_count=354, max_duration=963",violation_ratio=43.5%
PINCHROLL_3_ACTUAL_TORQUE,08_Pinchroll,핀치롤,N5,D16,CUSUM,138,45.16645540062713,drift_detected,0,,,"drift_count=138, max_duration=3296",violation_ratio=45.2%
PINCHROLL_4_ACTUAL_TORQUE,08_Pinchroll,핀치롤,N5,D16,CUSUM,185,45.606778304089666,drift_detected,0,,,"drift_count=185, max_duration=3298",violation_ratio=45.6%
PINCHROLL_2_REFERENCE_TORQUE,08_Pinchroll,핀치롤,N5,D16,CUSUM,15,4.499966642204283,drift_detected,0,,,"drift_count=15, max_duration=145",violation_ratio=4.5%
PINCHROLL_3_REFERENCE_TORQUE,08_Pinchroll,핀치롤,N5,D16,CUSUM,328,49.84321836013076,drift_detected,0,,,"drift_count=328, max_duration=2094",violation_ratio=49.8%
PINCHROLL_4_REFERENCE_TORQUE,08_Pinchroll,핀치롤,N5,D16,CUSUM,340,50.103409166722265,drift_detected,0,,,"drift_count=340, max_duration=2205",violation_ratio=50.1%
PINCHROLL_3_REFERENCE_SPEED,08_Pinchroll,핀치롤,N5,D16,CUSUM,4,17.386083127626925,drift_detected,0,,,"drift_count=4, max_duration=2949",violation_ratio=17.4%
PINCHROLL_4_REFERENCE_SPEED,08_Pinchroll,핀치롤,N5,D16,CUSUM,3,17.04249783174328,drift_detected,0,,,"drift_count=3, max_duration=2845",violation_ratio=17.0%
PR6L1_ACT_TORQUE,09_PR_Detailed,PR 상세 (토크+속도),N5,D16,CUSUM,365,22.30761651394226,drift_detected,0,,,"drift_count=365, max_duration=457",violation_ratio=22.3%
PR6L2_ACT_TORQUE,09_PR_Detailed,PR 상세 (토크+속도),N5,D16,CUSUM,1,34.39841798501249,drift_detected,0,,,"drift_count=1, max_duration=3305",violation_ratio=34.4%
PR7L1_ACT_TORQUE,09_PR_Detailed,PR 상세 (토크+속도),N5,D16,CUSUM,347,20.110355700068972,drift_detected,0,,,"drift_count=347, max_duration=1041",violation_ratio=20.1%
PR7L2_ACT_TORQUE,09_PR_Detailed,PR 상세 (토크+속도),N5,D16,CUSUM,3,23.886344712739387,drift_detected,0,,,"drift_count=3, max_duration=1562",violation_ratio=23.9%
PR8L1_ACT_TORQUE,09_PR_Detailed,PR 상세 (토크+속도),N5,D16,CUSUM,620,41.171543994482214,drift_detected,0,,,"drift_count=620, max_duration=236",violation_ratio=41.2%
PR9L1_ACT_TORQUE,09_PR_Detailed,PR 상세 (토크+속도),N5,D16,CUSUM,687,48.26583899891615,drift_detected,0,,,"drift_count=687, max_duration=440",violation_ratio=48.3%
PR6L1_ACT_SPD_MS,09_PR_Detailed,PR 상세 (토크+속도),N5,D16,CUSUM,7,28.948664893092918,drift_detected,0,,,"drift_count=7, max_duration=5110",violation_ratio=28.9%
PR6L2_ACT_SPD_MS,09_PR_Detailed,PR 상세 (토크+속도),N5,D16,CUSUM,3,19.150707743547045,drift_detected,0,,,"drift_count=3, max_duration=1102",violation_ratio=19.2%
PR7L1_ACT_SPD_MS,09_PR_Detailed,PR 상세 (토크+속도),N5,D16,CUSUM,7,28.938811705586758,drift_detected,0,,,"drift_count=7, max_duration=5106",violation_ratio=28.9%
PR7L2_ACT_SPD_MS,09_PR_Detailed,PR 상세 (토크+속도),N5,D16,CUSUM,4,18.43255620316403,drift_detected,0,,,"drift_count=4, max_duration=1008",violation_ratio=18.4%
PR8L1_ACT_SPD_MS,09_PR_Detailed,PR 상세 (토크+속도),N5,D16,CUSUM,136,27.382008079613758,drift_detected,0,,,"drift_count=136, max_duration=3948",violation_ratio=27.4%
PR9L1_ACT_SPD_MS,09_PR_Detailed,PR 상세 (토크+속도),N5,D16,CUSUM,168,27.549512267218446,drift_detected,0,,,"drift_count=168, max_duration=3843",violation_ratio=27.5%
PINCHROLL_2_ACTUAL_SPEED,08_Pinchroll,핀치롤,N5,D20,CUSUM,62,51.70471841704718,drift_detected,0,,,"drift_count=62, max_duration=2519",violation_ratio=51.7%
PINCHROLL_3_ACTUAL_SPEED,08_Pinchroll,핀치롤,N5,D20,CUSUM,5,22.503805175038053,drift_detected,0,,,"drift_count=5, max_duration=2517",violation_ratio=22.5%
PINCHROLL_4_ACTUAL_SPEED,08_Pinchroll,핀치롤,N5,D20,CUSUM,5,29.672754946727547,drift_detected,0,,,"drift_count=5, max_duration=2517",violation_ratio=29.7%
PINCHROLL_2_ACTUAL_TORQUE,08_Pinchroll,핀치롤,N5,D20,CUSUM,154,74.65753424657534,drift_detected,0,,,"drift_count=154, max_duration=3276",violation_ratio=74.7%
PINCHROLL_3_ACTUAL_TORQUE,08_Pinchroll,핀치롤,N5,D20,CUSUM,92,87.85388127853881,drift_detected,0,,,"drift_count=92, max_duration=3269",violation_ratio=87.9%
PINCHROLL_4_ACTUAL_TORQUE,08_Pinchroll,핀치롤,N5,D20,CUSUM,94,87.77016742770168,drift_detected,0,,,"drift_count=94, max_duration=3260",violation_ratio=87.8%
PINCHROLL_2_REFERENCE_TORQUE,08_Pinchroll,핀치롤,N5,D20,CUSUM,13,10.418569254185693,drift_detected,0,,,"drift_count=13, max_duration=345",violation_ratio=10.4%
PINCHROLL_3_REFERENCE_TORQUE,08_Pinchroll,핀치롤,N5,D20,CUSUM,55,54.984779299847794,drift_detected,0,,,"drift_count=55, max_duration=2439",violation_ratio=55.0%
PINCHROLL_4_REFERENCE_TORQUE,08_Pinchroll,핀치롤,N5,D20,CUSUM,62,54.977168949771695,drift_detected,0,,,"drift_count=62, max_duration=2439",violation_ratio=55.0%
PINCHROLL_3_REFERENCE_SPEED,08_Pinchroll,핀치롤,N5,D20,CUSUM,7,29.22374429223744,drift_detected,0,,,"drift_count=7, max_duration=2517",violation_ratio=29.2%
PINCHROLL_4_REFERENCE_SPEED,08_Pinchroll,핀치롤,N5,D20,CUSUM,5,31.156773211567735,drift_detected,0,,,"drift_count=5, max_duration=2516",violation_ratio=31.2%
PR6L1_ACT_TORQUE,09_PR_Detailed,PR 상세 (토크+속도),N5,D20,CUSUM,84,18.26276576412866,drift_detected,0,,,"drift_count=84, max_duration=280",violation_ratio=18.3%
PR6L2_ACT_TORQUE,09_PR_Detailed,PR 상세 (토크+속도),N5,D20,CUSUM,116,22.930363611968335,drift_detected,0,,,"drift_count=116, max_duration=1422",violation_ratio=22.9%
PR7L1_ACT_TORQUE,09_PR_Detailed,PR 상세 (토크+속도),N5,D20,CUSUM,87,19.82554970016355,drift_detected,0,,,"drift_count=87, max_duration=280",violation_ratio=19.8%
PR7L2_ACT_TORQUE,09_PR_Detailed,PR 상세 (토크+속도),N5,D20,CUSUM,166,30.189185562860594,drift_detected,0,,,"drift_count=166, max_duration=1419",violation_ratio=30.2%
PR8L1_ACT_TORQUE,09_PR_Detailed,PR 상세 (토크+속도),N5,D20,CUSUM,100,31.07395965836816,drift_detected,0,,,"drift_count=100, max_duration=327",violation_ratio=31.1%
PR9L1_ACT_TORQUE,09_PR_Detailed,PR 상세 (토크+속도),N5,D20,CUSUM,108,43.594403052880246,drift_detected,0,,,"drift_count=108, max_duration=617",violation_ratio=43.6%
PR6L1_ACT_SPD_MS,09_PR_Detailed,PR 상세 (토크+속도),N5,D20,CUSUM,3,41.81355624204979,drift_detected,0,,,"drift_count=3, max_duration=1043",violation_ratio=41.8%
PR6L2_ACT_SPD_MS,09_PR_Detailed,PR 상세 (토크+속도),N5,D20,CUSUM,4,40.81577888098752,drift_detected,0,,,"drift_count=4, max_duration=1419",violation_ratio=40.8%
PR7L1_ACT_SPD_MS,09_PR_Detailed,PR 상세 (토크+속도),N5,D20,CUSUM,3,41.17753952389606,drift_detected,0,,,"drift_count=3, max_duration=1043",violation_ratio=41.2%
PR7L2_ACT_SPD_MS,09_PR_Detailed,PR 상세 (토크+속도),N5,D20,CUSUM,4,40.171742922313165,drift_detected,0,,,"drift_count=4, max_duration=1419",violation_ratio=40.2%
PR8L1_ACT_SPD_MS,09_PR_Detailed,PR 상세 (토크+속도),N5,D20,CUSUM,5,42.04979102307832,drift_detected,0,,,"drift_count=5, max_duration=1043",violation_ratio=42.0%
PR9L1_ACT_SPD_MS,09_PR_Detailed,PR 상세 (토크+속도),N5,D20,CUSUM,6,41.39560239869162,drift_detected,0,,,"drift_count=6, max_duration=1043",violation_ratio=41.4%
PINCHROLL_2_ACTUAL_SPEED,08_Pinchroll,핀치롤,B5,D13,Rolling_Z,7,0.10995915802701854,low_anomaly,0,,,baseline_stability=0.603,"max_z=20.85, severe_ratio=0.06%"
PINCHROLL_3_ACTUAL_SPEED,08_Pinchroll,핀치롤,B5,D13,Rolling_Z,1,0.015708451146716932,low_anomaly,0,,,baseline_stability=0.695,"max_z=21.03, severe_ratio=0.02%"
PINCHROLL_4_ACTUAL_SPEED,08_Pinchroll,핀치롤,B5,D13,Rolling_Z,3,0.0471253534401508,low_anomaly,0,,,baseline_stability=0.915,"max_z=3.08, severe_ratio=0.00%"
PINCHROLL_2_ACTUAL_TORQUE,08_Pinchroll,핀치롤,B5,D13,Rolling_Z,7,0.10995915802701854,low_anomaly,0,,,baseline_stability=0.929,"max_z=3.16, severe_ratio=0.00%"
PINCHROLL_3_ACTUAL_TORQUE,08_Pinchroll,핀치롤,B5,D13,Rolling_Z,17,0.2670436694941879,low_anomaly,0,,,baseline_stability=0.910,"max_z=3.38, severe_ratio=0.00%"
PINCHROLL_4_ACTUAL_TORQUE,08_Pinchroll,핀치롤,B5,D13,Rolling_Z,15,0.23562676720075398,low_anomaly,0,,,baseline_stability=0.909,"max_z=3.37, severe_ratio=0.00%"
PINCHROLL_2_REFERENCE_TORQUE,08_Pinchroll,핀치롤,B5,D13,Rolling_Z,8,0.12566760917373546,low_anomaly,0,,,baseline_stability=0.612,"max_z=40.24, severe_ratio=0.13%"
PINCHROLL_3_REFERENCE_TORQUE,08_Pinchroll,핀치롤,B5,D13,Rolling_Z,15,0.23562676720075398,low_anomaly,0,,,baseline_stability=0.919,"max_z=3.37, severe_ratio=0.00%"
PINCHROLL_4_REFERENCE_TORQUE,08_Pinchroll,핀치롤,B5,D13,Rolling_Z,14,0.21991831605403708,low_anomaly,0,,,baseline_stability=0.918,"max_z=3.37, severe_ratio=0.00%"
PINCHROLL_3_REFERENCE_SPEED,08_Pinchroll,핀치롤,B5,D13,Rolling_Z,141,2.2148916116870874,unstable,0,,,baseline_stability=0.157,"max_z=24.71, severe_ratio=1.60%"
PINCHROLL_4_REFERENCE_SPEED,08_Pinchroll,핀치롤,B5,D13,Rolling_Z,186,2.9217719132893496,low_anomaly,0,,,baseline_stability=0.592,"max_z=21.55, severe_ratio=2.28%"
PR6L1_ACT_TORQUE,09_PR_Detailed,PR 상세 (토크+속도),B5,D13,Rolling_Z,0,0.0,low_anomaly,0,,,baseline_stability=0.985,"max_z=2.89, severe_ratio=0.00%"
PR6L2_ACT_TORQUE,09_PR_Detailed,PR 상세 (토크+속도),B5,D13,Rolling_Z,7,0.1377681558748278,low_anomaly,0,,,baseline_stability=0.939,"max_z=12.31, severe_ratio=0.02%"
PR7L1_ACT_TORQUE,09_PR_Detailed,PR 상세 (토크+속도),B5,D13,Rolling_Z,0,0.0,low_anomaly,0,,,baseline_stability=0.994,"max_z=1.51, severe_ratio=0.00%"
PR7L2_ACT_TORQUE,09_PR_Detailed,PR 상세 (토크+속도),B5,D13,Rolling_Z,0,0.0,low_anomaly,0,,,baseline_stability=0.990,"max_z=1.51, severe_ratio=0.00%"
PR8L1_ACT_TORQUE,09_PR_Detailed,PR 상세 (토크+속도),B5,D13,Rolling_Z,0,0.0,low_anomaly,0,,,baseline_stability=0.986,"max_z=1.77, severe_ratio=0.00%"
PR9L1_ACT_TORQUE,09_PR_Detailed,PR 상세 (토크+속도),B5,D13,Rolling_Z,0,0.0,low_anomaly,0,,,baseline_stability=0.996,"max_z=1.67, severe_ratio=0.00%"
PR6L1_ACT_SPD_MS,09_PR_Detailed,PR 상세 (토크+속도),B5,D13,Rolling_Z,0,0.0,low_anomaly,0,,,baseline_stability=0.980,"max_z=2.58, severe_ratio=0.00%"
PR6L2_ACT_SPD_MS,09_PR_Detailed,PR 상세 (토크+속도),B5,D13,Rolling_Z,4,0.0787246604999016,unstable,0,,,baseline_stability=0.000,"max_z=22.20, severe_ratio=0.08%"
PR7L1_ACT_SPD_MS,09_PR_Detailed,PR 상세 (토크+속도),B5,D13,Rolling_Z,0,0.0,low_anomaly,0,,,baseline_stability=0.990,"max_z=1.73, severe_ratio=0.00%"
PR7L2_ACT_SPD_MS,09_PR_Detailed,PR 상세 (토크+속도),B5,D13,Rolling_Z,3,0.0590434953749262,low_anomaly,0,,,baseline_stability=0.685,"max_z=19.93, severe_ratio=0.06%"
PR8L1_ACT_SPD_MS,09_PR_Detailed,PR 상세 (토크+속도),B5,D13,Rolling_Z,26,2.0233463035019454,low_anomaly,0,,,baseline_stability=0.983,"max_z=3.45, severe_ratio=0.00%"
PR9L1_ACT_SPD_MS,09_PR_Detailed,PR 상세 (토크+속도),B5,D13,Rolling_Z,40,3.11284046692607,moderate_anomaly,0,,,baseline_stability=0.979,"max_z=4.47, severe_ratio=0.16%"
PINCHROLL_2_ACTUAL_SPEED,08_Pinchroll,핀치롤,B5,D16,Rolling_Z,12,0.1938297528670651,low_anomaly,0,,,baseline_stability=0.864,"max_z=7.68, severe_ratio=0.08%"
PINCHROLL_3_ACTUAL_SPEED,08_Pinchroll,핀치롤,B5,D16,Rolling_Z,8,0.12921983524471006,low_anomaly,0,,,baseline_stability=0.911,"max_z=5.68, severe_ratio=0.03%"
PINCHROLL_4_ACTUAL_SPEED,08_Pinchroll,핀치롤,B5,D16,Rolling_Z,7,0.11306735583912131,low_anomaly,0,,,baseline_stability=0.910,"max_z=5.63, severe_ratio=0.05%"
PINCHROLL_2_ACTUAL_TORQUE,08_Pinchroll,핀치롤,B5,D16,Rolling_Z,6,0.09691487643353255,low_anomaly,0,,,baseline_stability=0.897,"max_z=5.83, severe_ratio=0.03%"
PINCHROLL_3_ACTUAL_TORQUE,08_Pinchroll,핀치롤,B5,D16,Rolling_Z,8,0.12921983524471006,low_anomaly,0,,,baseline_stability=0.893,"max_z=5.83, severe_ratio=0.03%"
PINCHROLL_4_ACTUAL_TORQUE,08_Pinchroll,핀치롤,B5,D16,Rolling_Z,8,0.12921983524471006,low_anomaly,0,,,baseline_stability=0.895,"max_z=5.83, severe_ratio=0.03%"
PINCHROLL_2_REFERENCE_TORQUE,08_Pinchroll,핀치롤,B5,D16,Rolling_Z,18,0.29074462930059763,low_anomaly,0,,,baseline_stability=0.804,"max_z=20.01, severe_ratio=0.29%"
PINCHROLL_3_REFERENCE_TORQUE,08_Pinchroll,핀치롤,B5,D16,Rolling_Z,7,0.11306735583912131,low_anomaly,0,,,baseline_stability=0.923,"max_z=5.83, severe_ratio=0.03%"
PINCHROLL_4_REFERENCE_TORQUE,08_Pinchroll,핀치롤,B5,D16,Rolling_Z,7,0.11306735583912131,low_anomaly,0,,,baseline_stability=0.924,"max_z=5.83, severe_ratio=0.03%"
PINCHROLL_3_REFERENCE_SPEED,08_Pinchroll,핀치롤,B5,D16,Rolling_Z,76,1.2275884348247457,low_anomaly,0,,,baseline_stability=0.698,"max_z=8.89, severe_ratio=0.40%"
PINCHROLL_4_REFERENCE_SPEED,08_Pinchroll,핀치롤,B5,D16,Rolling_Z,108,1.7444677758035858,low_anomaly,0,,,baseline_stability=0.633,"max_z=16.01, severe_ratio=0.68%"
PR6L1_ACT_TORQUE,09_PR_Detailed,PR 상세 (토크+속도),B5,D16,Rolling_Z,1,0.027137042062415198,low_anomaly,0,,,baseline_stability=0.953,"max_z=3.33, severe_ratio=0.00%"
PR6L2_ACT_TORQUE,09_PR_Detailed,PR 상세 (토크+속도),B5,D16,Rolling_Z,0,0.0,low_anomaly,0,,,baseline_stability=0.969,"max_z=2.79, severe_ratio=0.00%"
PR7L1_ACT_TORQUE,09_PR_Detailed,PR 상세 (토크+속도),B5,D16,Rolling_Z,1,0.027137042062415198,low_anomaly,0,,,baseline_stability=0.962,"max_z=3.33, severe_ratio=0.00%"
PR7L2_ACT_TORQUE,09_PR_Detailed,PR 상세 (토크+속도),B5,D16,Rolling_Z,0,0.0,low_anomaly,0,,,baseline_stability=0.966,"max_z=2.83, severe_ratio=0.00%"
PR8L1_ACT_TORQUE,09_PR_Detailed,PR 상세 (토크+속도),B5,D16,Rolling_Z,0,0.0,low_anomaly,0,,,baseline_stability=0.983,"max_z=2.11, severe_ratio=0.00%"
PR9L1_ACT_TORQUE,09_PR_Detailed,PR 상세 (토크+속도),B5,D16,Rolling_Z,0,0.0,low_anomaly,0,,,baseline_stability=0.986,"max_z=2.03, severe_ratio=0.00%"
PR6L1_ACT_SPD_MS,09_PR_Detailed,PR 상세 (토크+속도),B5,D16,Rolling_Z,2,0.054274084124830396,low_anomaly,0,,,baseline_stability=0.950,"max_z=3.33, severe_ratio=0.00%"
PR6L2_ACT_SPD_MS,09_PR_Detailed,PR 상세 (토크+속도),B5,D16,Rolling_Z,0,0.0,low_anomaly,0,,,baseline_stability=0.968,"max_z=2.70, severe_ratio=0.00%"
PR7L1_ACT_SPD_MS,09_PR_Detailed,PR 상세 (토크+속도),B5,D16,Rolling_Z,1,0.027137042062415198,low_anomaly,0,,,baseline_stability=0.958,"max_z=3.33, severe_ratio=0.00%"
PR7L2_ACT_SPD_MS,09_PR_Detailed,PR 상세 (토크+속도),B5,D16,Rolling_Z,0,0.0,low_anomaly,0,,,baseline_stability=0.960,"max_z=2.86, severe_ratio=0.00%"
PR8L1_ACT_SPD_MS,09_PR_Detailed,PR 상세 (토크+속도),B5,D16,Rolling_Z,135,3.6635006784260513,moderate_anomaly,0,,,baseline_stability=0.969,"max_z=4.13, severe_ratio=0.22%"
PR9L1_ACT_SPD_MS,09_PR_Detailed,PR 상세 (토크+속도),B5,D16,Rolling_Z,127,3.4464043419267303,moderate_anomaly,0,,,baseline_stability=0.968,"max_z=3.99, severe_ratio=0.00%"
PINCHROLL_2_ACTUAL_SPEED,08_Pinchroll,핀치롤,D4,D10,Rolling_Z,121,1.0032335627228257,low_anomaly,0,,,baseline_stability=0.526,"max_z=23.96, severe_ratio=0.48%"
PINCHROLL_3_ACTUAL_SPEED,08_Pinchroll,핀치롤,D4,D10,Rolling_Z,381,3.158942044606583,moderate_anomaly,0,,,baseline_stability=0.000,"max_z=45.49, severe_ratio=1.83%"
PINCHROLL_4_ACTUAL_SPEED,08_Pinchroll,핀치롤,D4,D10,Rolling_Z,424,3.5154630627642818,moderate_anomaly,0,,,baseline_stability=0.000,"max_z=27.46, severe_ratio=1.92%"
PINCHROLL_2_ACTUAL_TORQUE,08_Pinchroll,핀치롤,D4,D10,Rolling_Z,103,0.8539922062847193,low_anomaly,0,,,baseline_stability=0.800,"max_z=8.24, severe_ratio=0.35%"
PINCHROLL_3_ACTUAL_TORQUE,08_Pinchroll,핀치롤,D4,D10,Rolling_Z,136,1.1276013597545809,low_anomaly,0,,,baseline_stability=0.675,"max_z=18.02, severe_ratio=0.51%"
PINCHROLL_4_ACTUAL_TORQUE,08_Pinchroll,핀치롤,D4,D10,Rolling_Z,105,0.8705745792222866,low_anomaly,0,,,baseline_stability=0.716,"max_z=10.36, severe_ratio=0.36%"
PINCHROLL_2_REFERENCE_TORQUE,08_Pinchroll,핀치롤,D4,D10,Rolling_Z,7,0.05803830528148578,unstable,0,,,baseline_stability=0.401,"max_z=34.34, severe_ratio=0.05%"
PINCHROLL_3_REFERENCE_TORQUE,08_Pinchroll,핀치롤,D4,D10,Rolling_Z,119,0.9866511897852582,low_anomaly,0,,,baseline_stability=0.689,"max_z=25.79, severe_ratio=0.47%"
PINCHROLL_4_REFERENCE_TORQUE,08_Pinchroll,핀치롤,D4,D10,Rolling_Z,106,0.8788657656910704,low_anomaly,0,,,baseline_stability=0.806,"max_z=10.33, severe_ratio=0.36%"
PINCHROLL_3_REFERENCE_SPEED,08_Pinchroll,핀치롤,D4,D10,Rolling_Z,500,4.145593234391842,moderate_anomaly,0,,,baseline_stability=0.000,"max_z=49.07, severe_ratio=2.98%"
PINCHROLL_4_REFERENCE_SPEED,08_Pinchroll,핀치롤,D4,D10,Rolling_Z,558,4.626482049581295,moderate_anomaly,0,,,baseline_stability=0.000,"max_z=39.84, severe_ratio=2.89%"
PR6L1_ACT_TORQUE,09_PR_Detailed,PR 상세 (토크+속도),D4,D10,Rolling_Z,132,5.277888844462216,moderate_anomaly,0,,,baseline_stability=0.838,"max_z=26.78, severe_ratio=3.72%"
PR6L2_ACT_TORQUE,09_PR_Detailed,PR 상세 (토크+속도),D4,D10,Rolling_Z,270,2.8242677824267783,unstable,0,,,baseline_stability=0.036,"max_z=22.73, severe_ratio=1.63%"
PR7L1_ACT_TORQUE,09_PR_Detailed,PR 상세 (토크+속도),D4,D10,Rolling_Z,80,3.198720511795282,moderate_anomaly,0,,,baseline_stability=0.855,"max_z=26.78, severe_ratio=1.64%"
PR7L2_ACT_TORQUE,09_PR_Detailed,PR 상세 (토크+속도),D4,D10,Rolling_Z,278,2.907949790794979,unstable,0,,,baseline_stability=0.000,"max_z=24.31, severe_ratio=1.64%"
PR8L1_ACT_TORQUE,09_PR_Detailed,PR 상세 (토크+속도),D4,D10,Rolling_Z,128,5.1179528188724515,moderate_anomaly,0,,,baseline_stability=0.754,"max_z=26.78, severe_ratio=2.96%"
PR9L1_ACT_TORQUE,09_PR_Detailed,PR 상세 (토크+속도),D4,D10,Rolling_Z,158,6.317473010795682,moderate_anomaly,0,,,baseline_stability=0.678,"max_z=26.78, severe_ratio=3.56%"
PR6L1_ACT_SPD_MS,09_PR_Detailed,PR 상세 (토크+속도),D4,D10,Rolling_Z,81,3.2387045181927228,moderate_anomaly,0,,,baseline_stability=0.845,"max_z=26.78, severe_ratio=1.76%"
PR6L2_ACT_SPD_MS,09_PR_Detailed,PR 상세 (토크+속도),D4,D10,Rolling_Z,272,2.8451882845188283,unstable,0,,,baseline_stability=0.000,"max_z=49.99, severe_ratio=1.64%"
PR7L1_ACT_SPD_MS,09_PR_Detailed,PR 상세 (토크+속도),D4,D10,Rolling_Z,81,3.2387045181927228,moderate_anomaly,0,,,baseline_stability=0.845,"max_z=26.78, severe_ratio=1.76%"
PR7L2_ACT_SPD_MS,09_PR_Detailed,PR 상세 (토크+속도),D4,D10,Rolling_Z,272,2.8451882845188283,unstable,0,,,baseline_stability=0.000,"max_z=49.94, severe_ratio=1.66%"
PR8L1_ACT_SPD_MS,09_PR_Detailed,PR 상세 (토크+속도),D4,D10,Rolling_Z,86,3.4386245501799277,moderate_anomaly,0,,,baseline_stability=0.822,"max_z=26.78, severe_ratio=2.00%"
PR9L1_ACT_SPD_MS,09_PR_Detailed,PR 상세 (토크+속도),D4,D10,Rolling_Z,87,3.4786085565773694,moderate_anomaly,0,,,baseline_stability=0.821,"max_z=26.78, severe_ratio=2.00%"
PINCHROLL_2_ACTUAL_SPEED,08_Pinchroll,핀치롤,D4,D13,Rolling_Z,41,0.9597378277153558,unstable,0,,,baseline_stability=0.483,"max_z=8.64, severe_ratio=0.05%"
PINCHROLL_3_ACTUAL_SPEED,08_Pinchroll,핀치롤,D4,D13,Rolling_Z,47,1.100187265917603,unstable,0,,,baseline_stability=0.341,"max_z=26.23, severe_ratio=0.05%"
PINCHROLL_4_ACTUAL_SPEED,08_Pinchroll,핀치롤,D4,D13,Rolling_Z,99,2.317415730337079,unstable,0,,,baseline_stability=0.156,"max_z=24.86, severe_ratio=0.16%"
PINCHROLL_2_ACTUAL_TORQUE,08_Pinchroll,핀치롤,D4,D13,Rolling_Z,23,0.5383895131086143,low_anomaly,0,,,baseline_stability=0.839,"max_z=7.06, severe_ratio=0.12%"
PINCHROLL_3_ACTUAL_TORQUE,08_Pinchroll,핀치롤,D4,D13,Rolling_Z,22,0.5149812734082396,low_anomaly,0,,,baseline_stability=0.812,"max_z=7.07, severe_ratio=0.12%"
PINCHROLL_4_ACTUAL_TORQUE,08_Pinchroll,핀치롤,D4,D13,Rolling_Z,22,0.5149812734082396,low_anomaly,0,,,baseline_stability=0.841,"max_z=7.04, severe_ratio=0.12%"
PINCHROLL_2_REFERENCE_TORQUE,08_Pinchroll,핀치롤,D4,D13,Rolling_Z,0,0.0,low_anomaly,0,,,baseline_stability=1.000,"max_z=0.00, severe_ratio=0.00%"
PINCHROLL_3_REFERENCE_TORQUE,08_Pinchroll,핀치롤,D4,D13,Rolling_Z,17,0.39794007490636707,low_anomaly,0,,,baseline_stability=0.849,"max_z=3.87, severe_ratio=0.00%"
PINCHROLL_4_REFERENCE_TORQUE,08_Pinchroll,핀치롤,D4,D13,Rolling_Z,17,0.39794007490636707,low_anomaly,0,,,baseline_stability=0.856,"max_z=3.84, severe_ratio=0.00%"
PINCHROLL_3_REFERENCE_SPEED,08_Pinchroll,핀치롤,D4,D13,Rolling_Z,58,1.357677902621723,unstable,0,,,baseline_stability=0.183,"max_z=27.01, severe_ratio=1.12%"
PINCHROLL_4_REFERENCE_SPEED,08_Pinchroll,핀치롤,D4,D13,Rolling_Z,83,1.942883895131086,unstable,0,,,baseline_stability=0.119,"max_z=26.36, severe_ratio=1.12%"
PR6L1_ACT_TORQUE,09_PR_Detailed,PR 상세 (토크+속도),D4,D13,Rolling_Z,22,0.7399932727884292,unstable,0,,,baseline_stability=0.284,"max_z=9.83, severe_ratio=0.40%"
PR6L2_ACT_TORQUE,09_PR_Detailed,PR 상세 (토크+속도),D4,D13,Rolling_Z,53,4.2433947157726175,moderate_anomaly,0,,,baseline_stability=0.346,"max_z=11.62, severe_ratio=2.32%"
PR7L1_ACT_TORQUE,09_PR_Detailed,PR 상세 (토크+속도),D4,D13,Rolling_Z,10,0.3363605785401951,low_anomaly,0,,,baseline_stability=0.849,"max_z=6.96, severe_ratio=0.20%"
PR7L2_ACT_TORQUE,09_PR_Detailed,PR 상세 (토크+속도),D4,D13,Rolling_Z,0,0.0,low_anomaly,0,,,baseline_stability=0.969,"max_z=1.46, severe_ratio=0.00%"
PR8L1_ACT_TORQUE,09_PR_Detailed,PR 상세 (토크+속도),D4,D13,Rolling_Z,9,0.30272452068617556,low_anomaly,0,,,baseline_stability=0.844,"max_z=6.98, severe_ratio=0.17%"
PR9L1_ACT_TORQUE,09_PR_Detailed,PR 상세 (토크+속도),D4,D13,Rolling_Z,8,0.2690884628321561,low_anomaly,0,,,baseline_stability=0.835,"max_z=7.05, severe_ratio=0.17%"
PR6L1_ACT_SPD_MS,09_PR_Detailed,PR 상세 (토크+속도),D4,D13,Rolling_Z,79,2.6572485704675413,unstable,0,,,baseline_stability=0.000,"max_z=21.26, severe_ratio=1.48%"
PR6L2_ACT_SPD_MS,09_PR_Detailed,PR 상세 (토크+속도),D4,D13,Rolling_Z,56,4.483586869495596,moderate_anomaly,0,,,baseline_stability=0.140,"max_z=22.62, severe_ratio=2.56%"
PR7L1_ACT_SPD_MS,09_PR_Detailed,PR 상세 (토크+속도),D4,D13,Rolling_Z,65,2.186343760511268,unstable,0,,,baseline_stability=0.000,"max_z=20.10, severe_ratio=1.24%"
PR7L2_ACT_SPD_MS,09_PR_Detailed,PR 상세 (토크+속도),D4,D13,Rolling_Z,56,4.483586869495596,moderate_anomaly,0,,,baseline_stability=0.203,"max_z=20.37, severe_ratio=2.48%"
PR8L1_ACT_SPD_MS,09_PR_Detailed,PR 상세 (토크+속도),D4,D13,Rolling_Z,82,2.7581567440295998,unstable,0,,,baseline_stability=0.000,"max_z=17.66, severe_ratio=1.21%"
PR9L1_ACT_SPD_MS,09_PR_Detailed,PR 상세 (토크+속도),D4,D13,Rolling_Z,89,2.993609149007736,unstable,0,,,baseline_stability=0.000,"max_z=17.26, severe_ratio=1.21%"
PINCHROLL_2_ACTUAL_SPEED,08_Pinchroll,핀치롤,D5,D10,Rolling_Z,655,1.4113945871401483,unstable,0,,,baseline_stability=0.369,"max_z=26.14, severe_ratio=0.75%"
PINCHROLL_3_ACTUAL_SPEED,08_Pinchroll,핀치롤,D5,D10,Rolling_Z,615,1.3252025512842613,unstable,0,,,baseline_stability=0.000,"max_z=44.57, severe_ratio=0.69%"
PINCHROLL_4_ACTUAL_SPEED,08_Pinchroll,핀치롤,D5,D10,Rolling_Z,676,1.4566454059644889,unstable,0,,,baseline_stability=0.000,"max_z=41.31, severe_ratio=0.69%"
PINCHROLL_2_ACTUAL_TORQUE,08_Pinchroll,핀치롤,D5,D10,Rolling_Z,417,0.8985519737976211,low_anomaly,0,,,baseline_stability=0.793,"max_z=16.30, severe_ratio=0.33%"
PINCHROLL_3_ACTUAL_TORQUE,08_Pinchroll,핀치롤,D5,D10,Rolling_Z,491,1.0580072401310119,low_anomaly,0,,,baseline_stability=0.762,"max_z=21.69, severe_ratio=0.40%"
PINCHROLL_4_ACTUAL_TORQUE,08_Pinchroll,핀치롤,D5,D10,Rolling_Z,436,0.9394931908291673,low_anomaly,0,,,baseline_stability=0.787,"max_z=9.41, severe_ratio=0.30%"
PINCHROLL_2_REFERENCE_TORQUE,08_Pinchroll,핀치롤,D5,D10,Rolling_Z,261,0.5624030339596621,unstable,0,,,baseline_stability=0.358,"max_z=61.64, severe_ratio=0.52%"
PINCHROLL_3_REFERENCE_TORQUE,08_Pinchroll,핀치롤,D5,D10,Rolling_Z,434,0.935183589036373,low_anomaly,0,,,baseline_stability=0.764,"max_z=26.21, severe_ratio=0.32%"
PINCHROLL_4_REFERENCE_TORQUE,08_Pinchroll,핀치롤,D5,D10,Rolling_Z,439,0.945957593518359,low_anomaly,0,,,baseline_stability=0.809,"max_z=8.08, severe_ratio=0.24%"
PINCHROLL_3_REFERENCE_SPEED,08_Pinchroll,핀치롤,D5,D10,Rolling_Z,744,1.6031718669194968,unstable,0,,,baseline_stability=0.000,"max_z=48.03, severe_ratio=0.94%"
PINCHROLL_4_REFERENCE_SPEED,08_Pinchroll,핀치롤,D5,D10,Rolling_Z,791,1.7044475090501638,unstable,0,,,baseline_stability=0.000,"max_z=49.87, severe_ratio=0.97%"
PR6L1_ACT_TORQUE,09_PR_Detailed,PR 상세 (토크+속도),D5,D10,Rolling_Z,552,2.8317857692505,unstable,0,,,baseline_stability=0.056,"max_z=25.42, severe_ratio=1.74%"
PR6L2_ACT_TORQUE,09_PR_Detailed,PR 상세 (토크+속도),D5,D10,Rolling_Z,395,1.5040170582187868,unstable,0,,,baseline_stability=0.000,"max_z=21.18, severe_ratio=1.09%"
PR7L1_ACT_TORQUE,09_PR_Detailed,PR 상세 (토크+속도),D5,D10,Rolling_Z,601,3.0831580567383163,moderate_anomaly,0,,,baseline_stability=0.000,"max_z=24.92, severe_ratio=1.77%"
PR7L2_ACT_TORQUE,09_PR_Detailed,PR 상세 (토크+속도),D5,D10,Rolling_Z,584,2.223660663290561,unstable,0,,,baseline_stability=0.000,"max_z=26.41, severe_ratio=1.34%"
PR8L1_ACT_TORQUE,09_PR_Detailed,PR 상세 (토크+속도),D5,D10,Rolling_Z,91,0.46683424819165853,low_anomaly,0,,,baseline_stability=0.735,"max_z=21.10, severe_ratio=0.24%"
PR9L1_ACT_TORQUE,09_PR_Detailed,PR 상세 (토크+속도),D5,D10,Rolling_Z,123,0.6309957420612528,low_anomaly,0,,,baseline_stability=0.554,"max_z=21.10, severe_ratio=0.34%"
PR6L1_ACT_SPD_MS,09_PR_Detailed,PR 상세 (토크+속도),D5,D10,Rolling_Z,643,3.298620017442159,moderate_anomaly,0,,,baseline_stability=0.086,"max_z=28.56, severe_ratio=1.91%"
PR6L2_ACT_SPD_MS,09_PR_Detailed,PR 상세 (토크+속도),D5,D10,Rolling_Z,784,2.9851882877051366,unstable,0,,,baseline_stability=0.154,"max_z=34.61, severe_ratio=1.59%"
PR7L1_ACT_SPD_MS,09_PR_Detailed,PR 상세 (토크+속도),D5,D10,Rolling_Z,642,3.293489970758734,moderate_anomaly,0,,,baseline_stability=0.078,"max_z=35.39, severe_ratio=1.90%"
PR7L2_ACT_SPD_MS,09_PR_Detailed,PR 상세 (토크+속도),D5,D10,Rolling_Z,786,2.9928035639492823,unstable,0,,,baseline_stability=0.154,"max_z=44.09, severe_ratio=1.58%"
PR8L1_ACT_SPD_MS,09_PR_Detailed,PR 상세 (토크+속도),D5,D10,Rolling_Z,651,3.3396603909095575,moderate_anomaly,0,,,baseline_stability=0.221,"max_z=21.10, severe_ratio=1.98%"
PR9L1_ACT_SPD_MS,09_PR_Detailed,PR 상세 (토크+속도),D5,D10,Rolling_Z,658,3.375570717693531,moderate_anomaly,0,,,baseline_stability=0.247,"max_z=21.10, severe_ratio=1.99%"
PINCHROLL_2_ACTUAL_SPEED,08_Pinchroll,핀치롤,D5,D13,Rolling_Z,81,0.8355683928203012,low_anomaly,0,,,baseline_stability=0.552,"max_z=10.65, severe_ratio=0.61%"
PINCHROLL_3_ACTUAL_SPEED,08_Pinchroll,핀치롤,D5,D13,Rolling_Z,88,0.9077780070146483,low_anomaly,0,,,baseline_stability=0.521,"max_z=12.79, severe_ratio=0.69%"
PINCHROLL_4_ACTUAL_SPEED,08_Pinchroll,핀치롤,D5,D13,Rolling_Z,58,0.5983082318960182,unstable,0,,,baseline_stability=0.411,"max_z=11.35, severe_ratio=0.53%"
PINCHROLL_2_ACTUAL_TORQUE,08_Pinchroll,핀치롤,D5,D13,Rolling_Z,70,0.7220961419434702,low_anomaly,0,,,baseline_stability=0.781,"max_z=12.87, severe_ratio=0.45%"
PINCHROLL_3_ACTUAL_TORQUE,08_Pinchroll,핀치롤,D5,D13,Rolling_Z,66,0.6808335052609862,low_anomaly,0,,,baseline_stability=0.770,"max_z=13.03, severe_ratio=0.41%"
PINCHROLL_4_ACTUAL_TORQUE,08_Pinchroll,핀치롤,D5,D13,Rolling_Z,60,0.6189395502372601,low_anomaly,0,,,baseline_stability=0.787,"max_z=11.31, severe_ratio=0.35%"
PINCHROLL_2_REFERENCE_TORQUE,08_Pinchroll,핀치롤,D5,D13,Rolling_Z,78,0.8046214153084381,low_anomaly,0,,,baseline_stability=0.708,"max_z=23.49, severe_ratio=0.72%"
PINCHROLL_3_REFERENCE_TORQUE,08_Pinchroll,핀치롤,D5,D13,Rolling_Z,10,0.10315659170621003,low_anomaly,0,,,baseline_stability=0.893,"max_z=8.18, severe_ratio=0.05%"
PINCHROLL_4_REFERENCE_TORQUE,08_Pinchroll,핀치롤,D5,D13,Rolling_Z,10,0.10315659170621003,low_anomaly,0,,,baseline_stability=0.903,"max_z=6.73, severe_ratio=0.05%"
PINCHROLL_3_REFERENCE_SPEED,08_Pinchroll,핀치롤,D5,D13,Rolling_Z,88,0.9077780070146483,low_anomaly,0,,,baseline_stability=0.529,"max_z=12.97, severe_ratio=0.72%"
PINCHROLL_4_REFERENCE_SPEED,08_Pinchroll,핀치롤,D5,D13,Rolling_Z,61,0.6292552094078812,unstable,0,,,baseline_stability=0.420,"max_z=11.35, severe_ratio=0.56%"
PR6L1_ACT_TORQUE,09_PR_Detailed,PR 상세 (토크+속도),D5,D13,Rolling_Z,42,1.2302284710017575,unstable,0,,,baseline_stability=0.000,"max_z=13.55, severe_ratio=0.53%"
PR6L2_ACT_TORQUE,09_PR_Detailed,PR 상세 (토크+속도),D5,D13,Rolling_Z,121,1.9950535861500411,unstable,0,,,baseline_stability=0.397,"max_z=21.82, severe_ratio=1.06%"
PR7L1_ACT_TORQUE,09_PR_Detailed,PR 상세 (토크+속도),D5,D13,Rolling_Z,20,0.5858230814294083,low_anomaly,0,,,baseline_stability=0.800,"max_z=7.28, severe_ratio=0.29%"
PR7L2_ACT_TORQUE,09_PR_Detailed,PR 상세 (토크+속도),D5,D13,Rolling_Z,43,0.7089859851607584,low_anomaly,0,,,baseline_stability=0.790,"max_z=11.23, severe_ratio=0.38%"
PR8L1_ACT_TORQUE,09_PR_Detailed,PR 상세 (토크+속도),D5,D13,Rolling_Z,18,0.5272407732864675,low_anomaly,0,,,baseline_stability=0.810,"max_z=7.34, severe_ratio=0.29%"
PR9L1_ACT_TORQUE,09_PR_Detailed,PR 상세 (토크+속도),D5,D13,Rolling_Z,20,0.5858230814294083,low_anomaly,0,,,baseline_stability=0.803,"max_z=7.45, severe_ratio=0.32%"
PR6L1_ACT_SPD_MS,09_PR_Detailed,PR 상세 (토크+속도),D5,D13,Rolling_Z,62,1.8160515524311658,unstable,0,,,baseline_stability=0.000,"max_z=19.86, severe_ratio=0.79%"
PR6L2_ACT_SPD_MS,09_PR_Detailed,PR 상세 (토크+속도),D5,D13,Rolling_Z,28,0.46166529266281947,unstable,0,,,baseline_stability=0.485,"max_z=18.79, severe_ratio=0.38%"
PR7L1_ACT_SPD_MS,09_PR_Detailed,PR 상세 (토크+속도),D5,D13,Rolling_Z,21,0.6151142355008787,low_anomaly,0,,,baseline_stability=0.794,"max_z=18.57, severe_ratio=0.29%"
PR7L2_ACT_SPD_MS,09_PR_Detailed,PR 상세 (토크+속도),D5,D13,Rolling_Z,23,0.3792250618301731,low_anomaly,0,,,baseline_stability=0.611,"max_z=17.83, severe_ratio=0.36%"
PR8L1_ACT_SPD_MS,09_PR_Detailed,PR 상세 (토크+속도),D5,D13,Rolling_Z,38,1.1130638547158758,unstable,0,,,baseline_stability=0.065,"max_z=19.85, severe_ratio=0.23%"
PR9L1_ACT_SPD_MS,09_PR_Detailed,PR 상세 (토크+속도),D5,D13,Rolling_Z,29,0.849443468072642,unstable,0,,,baseline_stability=0.134,"max_z=19.30, severe_ratio=0.32%"
PINCHROLL_2_ACTUAL_SPEED,08_Pinchroll,핀치롤,N5,D10,Rolling_Z,257,1.39605627682112,low_anomaly,0,,,baseline_stability=0.661,"max_z=18.22, severe_ratio=0.83%"
PINCHROLL_3_ACTUAL_SPEED,08_Pinchroll,핀치롤,N5,D10,Rolling_Z,834,4.530392742680211,moderate_anomaly,0,,,baseline_stability=0.135,"max_z=26.47, severe_ratio=2.30%"
PINCHROLL_4_ACTUAL_SPEED,08_Pinchroll,핀치롤,N5,D10,Rolling_Z,757,4.112119072192949,moderate_anomaly,0,,,baseline_stability=0.086,"max_z=35.04, severe_ratio=2.14%"
PINCHROLL_2_ACTUAL_TORQUE,08_Pinchroll,핀치롤,N5,D10,Rolling_Z,4,0.021728502362974633,low_anomaly,0,,,baseline_stability=0.882,"max_z=3.74, severe_ratio=0.00%"
PINCHROLL_3_ACTUAL_TORQUE,08_Pinchroll,핀치롤,N5,D10,Rolling_Z,4,0.021728502362974633,low_anomaly,0,,,baseline_stability=0.885,"max_z=3.78, severe_ratio=0.00%"
PINCHROLL_4_ACTUAL_TORQUE,08_Pinchroll,핀치롤,N5,D10,Rolling_Z,5,0.02716062795371829,low_anomaly,0,,,baseline_stability=0.889,"max_z=3.76, severe_ratio=0.00%"
PINCHROLL_2_REFERENCE_TORQUE,08_Pinchroll,핀치롤,N5,D10,Rolling_Z,220,1.1950676299636047,low_anomaly,0,,,baseline_stability=0.505,"max_z=33.15, severe_ratio=0.97%"
PINCHROLL_3_REFERENCE_TORQUE,08_Pinchroll,핀치롤,N5,D10,Rolling_Z,5,0.02716062795371829,low_anomaly,0,,,baseline_stability=0.839,"max_z=3.78, severe_ratio=0.00%"
PINCHROLL_4_REFERENCE_TORQUE,08_Pinchroll,핀치롤,N5,D10,Rolling_Z,5,0.02716062795371829,low_anomaly,0,,,baseline_stability=0.860,"max_z=3.76, severe_ratio=0.00%"
PINCHROLL_3_REFERENCE_SPEED,08_Pinchroll,핀치롤,N5,D10,Rolling_Z,877,4.763974143082188,moderate_anomaly,0,,,baseline_stability=0.107,"max_z=33.32, severe_ratio=2.57%"
PINCHROLL_4_REFERENCE_SPEED,08_Pinchroll,핀치롤,N5,D10,Rolling_Z,822,4.465207235591287,moderate_anomaly,0,,,baseline_stability=0.060,"max_z=39.83, severe_ratio=2.41%"
PR6L1_ACT_TORQUE,09_PR_Detailed,PR 상세 (토크+속도),N5,D10,Rolling_Z,87,1.444462892246389,unstable,0,,,baseline_stability=0.000,"max_z=15.43, severe_ratio=0.80%"
PR6L2_ACT_TORQUE,09_PR_Detailed,PR 상세 (토크+속도),N5,D10,Rolling_Z,714,5.908150599917253,moderate_anomaly,0,,,baseline_stability=0.000,"max_z=14.93, severe_ratio=2.82%"
PR7L1_ACT_TORQUE,09_PR_Detailed,PR 상세 (토크+속도),N5,D10,Rolling_Z,68,1.1290054789971775,unstable,0,,,baseline_stability=0.287,"max_z=9.58, severe_ratio=0.40%"
PR7L2_ACT_TORQUE,09_PR_Detailed,PR 상세 (토크+속도),N5,D10,Rolling_Z,558,4.617294166321886,moderate_anomaly,0,,,baseline_stability=0.165,"max_z=11.11, severe_ratio=2.61%"
PR8L1_ACT_TORQUE,09_PR_Detailed,PR 상세 (토크+속도),N5,D10,Rolling_Z,0,0.0,low_anomaly,0,,,baseline_stability=0.866,"max_z=2.86, severe_ratio=0.00%"
PR9L1_ACT_TORQUE,09_PR_Detailed,PR 상세 (토크+속도),N5,D10,Rolling_Z,4,0.06641208699983397,low_anomaly,0,,,baseline_stability=0.917,"max_z=3.23, severe_ratio=0.00%"
PR6L1_ACT_SPD_MS,09_PR_Detailed,PR 상세 (토크+속도),N5,D10,Rolling_Z,291,4.831479329237921,moderate_anomaly,0,,,baseline_stability=0.000,"max_z=44.80, severe_ratio=2.71%"
PR6L2_ACT_SPD_MS,09_PR_Detailed,PR 상세 (토크+속도),N5,D10,Rolling_Z,902,7.463798096814232,moderate_anomaly,0,,,baseline_stability=0.080,"max_z=26.53, severe_ratio=3.81%"
PR7L1_ACT_SPD_MS,09_PR_Detailed,PR 상세 (토크+속도),N5,D10,Rolling_Z,294,4.881288394487797,moderate_anomaly,0,,,baseline_stability=0.000,"max_z=39.68, severe_ratio=2.69%"
PR7L2_ACT_SPD_MS,09_PR_Detailed,PR 상세 (토크+속도),N5,D10,Rolling_Z,899,7.438973934629706,moderate_anomaly,0,,,baseline_stability=0.081,"max_z=26.52, severe_ratio=3.80%"
PR8L1_ACT_SPD_MS,09_PR_Detailed,PR 상세 (토크+속도),N5,D10,Rolling_Z,221,3.6692678067408266,moderate_anomaly,0,,,baseline_stability=0.229,"max_z=20.90, severe_ratio=2.27%"
PR9L1_ACT_SPD_MS,09_PR_Detailed,PR 상세 (토크+속도),N5,D10,Rolling_Z,220,3.652664784990868,moderate_anomaly,0,,,baseline_stability=0.248,"max_z=18.54, severe_ratio=2.27%"
PINCHROLL_2_ACTUAL_SPEED,08_Pinchroll,핀치롤,N5,D12,Rolling_Z,679,1.2999444795435835,low_anomaly,0,,,baseline_stability=0.658,"max_z=23.72, severe_ratio=0.76%"
PINCHROLL_3_ACTUAL_SPEED,08_Pinchroll,핀치롤,N5,D12,Rolling_Z,1312,2.511822028219708,unstable,0,,,baseline_stability=0.125,"max_z=38.23, severe_ratio=1.45%"
PINCHROLL_4_ACTUAL_SPEED,08_Pinchroll,핀치롤,N5,D12,Rolling_Z,1345,2.575000478624624,unstable,0,,,baseline_stability=0.208,"max_z=40.50, severe_ratio=1.59%"
PINCHROLL_2_ACTUAL_TORQUE,08_Pinchroll,핀치롤,N5,D12,Rolling_Z,187,0.3580112189611931,low_anomaly,0,,,baseline_stability=0.851,"max_z=14.19, severe_ratio=0.12%"
PINCHROLL_3_ACTUAL_TORQUE,08_Pinchroll,핀치롤,N5,D12,Rolling_Z,255,0.48819711676526334,low_anomaly,0,,,baseline_stability=0.805,"max_z=25.68, severe_ratio=0.20%"
PINCHROLL_4_ACTUAL_TORQUE,08_Pinchroll,핀치롤,N5,D12,Rolling_Z,191,0.3656692129496678,low_anomaly,0,,,baseline_stability=0.824,"max_z=14.41, severe_ratio=0.14%"
PINCHROLL_2_REFERENCE_TORQUE,08_Pinchroll,핀치롤,N5,D12,Rolling_Z,362,0.6930484559569621,unstable,0,,,baseline_stability=0.414,"max_z=39.79, severe_ratio=0.63%"
PINCHROLL_3_REFERENCE_TORQUE,08_Pinchroll,핀치롤,N5,D12,Rolling_Z,201,0.38481419792085464,low_anomaly,0,,,baseline_stability=0.827,"max_z=26.86, severe_ratio=0.14%"
PINCHROLL_4_REFERENCE_TORQUE,08_Pinchroll,핀치롤,N5,D12,Rolling_Z,204,0.39055769341221064,low_anomaly,0,,,baseline_stability=0.877,"max_z=6.59, severe_ratio=0.10%"
PINCHROLL_3_REFERENCE_SPEED,08_Pinchroll,핀치롤,N5,D12,Rolling_Z,1584,3.0325656194359887,moderate_anomaly,0,,,baseline_stability=0.079,"max_z=44.18, severe_ratio=1.82%"
PINCHROLL_4_REFERENCE_SPEED,08_Pinchroll,핀치롤,N5,D12,Rolling_Z,1488,2.8487737637125954,unstable,0,,,baseline_stability=0.165,"max_z=43.45, severe_ratio=1.76%"
PR6L1_ACT_TORQUE,09_PR_Detailed,PR 상세 (토크+속도),N5,D12,Rolling_Z,445,2.429437134902004,unstable,0,,,baseline_stability=0.000,"max_z=40.92, severe_ratio=1.64%"
PR6L2_ACT_TORQUE,09_PR_Detailed,PR 상세 (토크+속도),N5,D12,Rolling_Z,733,2.218657303710878,unstable,0,,,baseline_stability=0.000,"max_z=46.58, severe_ratio=1.75%"
PR7L1_ACT_TORQUE,09_PR_Detailed,PR 상세 (토크+속도),N5,D12,Rolling_Z,351,1.9162526614620299,unstable,0,,,baseline_stability=0.000,"max_z=23.00, severe_ratio=1.17%"
PR7L2_ACT_TORQUE,09_PR_Detailed,PR 상세 (토크+속도),N5,D12,Rolling_Z,411,1.244022035232157,unstable,0,,,baseline_stability=0.000,"max_z=23.00, severe_ratio=0.90%"
PR8L1_ACT_TORQUE,09_PR_Detailed,PR 상세 (토크+속도),N5,D12,Rolling_Z,105,0.5732379756510346,low_anomaly,0,,,baseline_stability=0.878,"max_z=23.00, severe_ratio=0.32%"
PR9L1_ACT_TORQUE,09_PR_Detailed,PR 상세 (토크+속도),N5,D12,Rolling_Z,149,0.8134519844952776,low_anomaly,0,,,baseline_stability=0.761,"max_z=23.00, severe_ratio=0.29%"
PR6L1_ACT_SPD_MS,09_PR_Detailed,PR 상세 (토크+속도),N5,D12,Rolling_Z,523,2.8552710596713435,unstable,0,,,baseline_stability=0.000,"max_z=55.43, severe_ratio=1.81%"
PR6L2_ACT_SPD_MS,09_PR_Detailed,PR 상세 (토크+속도),N5,D12,Rolling_Z,713,2.158120951631455,unstable,0,,,baseline_stability=0.000,"max_z=47.18, severe_ratio=1.30%"
PR7L1_ACT_SPD_MS,09_PR_Detailed,PR 상세 (토크+속도),N5,D12,Rolling_Z,411,2.243817218976907,unstable,0,,,baseline_stability=0.000,"max_z=55.96, severe_ratio=1.33%"
PR7L2_ACT_SPD_MS,09_PR_Detailed,PR 상세 (토크+속도),N5,D12,Rolling_Z,651,1.9704582601852414,unstable,0,,,baseline_stability=0.000,"max_z=62.01, severe_ratio=1.07%"
PR8L1_ACT_SPD_MS,09_PR_Detailed,PR 상세 (토크+속도),N5,D12,Rolling_Z,547,2.986296882677294,unstable,0,,,baseline_stability=0.270,"max_z=24.12, severe_ratio=1.84%"
PR9L1_ACT_SPD_MS,09_PR_Detailed,PR 상세 (토크+속도),N5,D12,Rolling_Z,519,2.833433422503685,unstable,0,,,baseline_stability=0.264,"max_z=23.00, severe_ratio=1.83%"
PINCHROLL_2_ACTUAL_SPEED,08_Pinchroll,핀치롤,N5,D16,Rolling_Z,121,0.4036293281739943,low_anomaly,0,,,baseline_stability=0.575,"max_z=25.85, severe_ratio=0.08%"
PINCHROLL_3_ACTUAL_SPEED,08_Pinchroll,핀치롤,N5,D16,Rolling_Z,352,1.1741944092334378,unstable,0,,,baseline_stability=0.000,"max_z=34.00, severe_ratio=0.54%"
PINCHROLL_4_ACTUAL_SPEED,08_Pinchroll,핀치롤,N5,D16,Rolling_Z,361,1.204216425378611,unstable,0,,,baseline_stability=0.000,"max_z=36.47, severe_ratio=0.53%"
PINCHROLL_2_ACTUAL_TORQUE,08_Pinchroll,핀치롤,N5,D16,Rolling_Z,71,0.23684034958969913,low_anomaly,0,,,baseline_stability=0.860,"max_z=11.74, severe_ratio=0.04%"
PINCHROLL_3_ACTUAL_TORQUE,08_Pinchroll,핀치롤,N5,D16,Rolling_Z,92,0.3068917205951031,low_anomaly,0,,,baseline_stability=0.503,"max_z=11.81, severe_ratio=0.04%"
PINCHROLL_4_ACTUAL_TORQUE,08_Pinchroll,핀치롤,N5,D16,Rolling_Z,58,0.19347521515778238,unstable,0,,,baseline_stability=0.499,"max_z=11.81, severe_ratio=0.04%"
PINCHROLL_2_REFERENCE_TORQUE,08_Pinchroll,핀치롤,N5,D16,Rolling_Z,34,0.11341650543732071,unstable,0,,,baseline_stability=0.224,"max_z=61.43, severe_ratio=0.11%"
PINCHROLL_3_REFERENCE_TORQUE,08_Pinchroll,핀치롤,N5,D16,Rolling_Z,141,0.47034491960771235,low_anomaly,0,,,baseline_stability=0.836,"max_z=4.59, severe_ratio=0.02%"
PINCHROLL_4_REFERENCE_TORQUE,08_Pinchroll,핀치롤,N5,D16,Rolling_Z,127,0.42364400560410964,low_anomaly,0,,,baseline_stability=0.842,"max_z=4.59, severe_ratio=0.02%"
PINCHROLL_3_REFERENCE_SPEED,08_Pinchroll,핀치롤,N5,D16,Rolling_Z,506,1.6879044632730669,unstable,0,,,baseline_stability=0.000,"max_z=65.11, severe_ratio=1.05%"
PINCHROLL_4_REFERENCE_SPEED,08_Pinchroll,핀치롤,N5,D16,Rolling_Z,578,1.928080592434452,unstable,0,,,baseline_stability=0.000,"max_z=65.06, severe_ratio=1.12%"
PR6L1_ACT_TORQUE,09_PR_Detailed,PR 상세 (토크+속도),N5,D16,Rolling_Z,92,0.4532466252832792,low_anomaly,0,,,baseline_stability=0.718,"max_z=8.14, severe_ratio=0.24%"
PR6L2_ACT_TORQUE,09_PR_Detailed,PR 상세 (토크+속도),N5,D16,Rolling_Z,99,1.030391340549542,unstable,0,,,baseline_stability=0.000,"max_z=16.94, severe_ratio=0.50%"
PR7L1_ACT_TORQUE,09_PR_Detailed,PR 상세 (토크+속도),N5,D16,Rolling_Z,115,0.5665582816040989,low_anomaly,0,,,baseline_stability=0.822,"max_z=10.58, severe_ratio=0.13%"
PR7L2_ACT_TORQUE,09_PR_Detailed,PR 상세 (토크+속도),N5,D16,Rolling_Z,76,0.7910074937552041,low_anomaly,0,,,baseline_stability=0.663,"max_z=7.84, severe_ratio=0.14%"
PR8L1_ACT_TORQUE,09_PR_Detailed,PR 상세 (토크+속도),N5,D16,Rolling_Z,32,0.15765100009853186,low_anomaly,0,,,baseline_stability=0.879,"max_z=12.03, severe_ratio=0.09%"
PR9L1_ACT_TORQUE,09_PR_Detailed,PR 상세 (토크+속도),N5,D16,Rolling_Z,29,0.14287121883929452,low_anomaly,0,,,baseline_stability=0.870,"max_z=11.65, severe_ratio=0.05%"
PR6L1_ACT_SPD_MS,09_PR_Detailed,PR 상세 (토크+속도),N5,D16,Rolling_Z,175,0.8621539067888462,unstable,0,,,baseline_stability=0.037,"max_z=61.45, severe_ratio=0.64%"
PR6L2_ACT_SPD_MS,09_PR_Detailed,PR 상세 (토크+속도),N5,D16,Rolling_Z,168,1.7485428809325563,unstable,0,,,baseline_stability=0.000,"max_z=43.58, severe_ratio=1.13%"
PR7L1_ACT_SPD_MS,09_PR_Detailed,PR 상세 (토크+속도),N5,D16,Rolling_Z,177,0.8720070942950044,unstable,0,,,baseline_stability=0.046,"max_z=61.09, severe_ratio=0.64%"
PR7L2_ACT_SPD_MS,09_PR_Detailed,PR 상세 (토크+속도),N5,D16,Rolling_Z,182,1.894254787676936,unstable,0,,,baseline_stability=0.000,"max_z=43.46, severe_ratio=1.12%"
PR8L1_ACT_SPD_MS,09_PR_Detailed,PR 상세 (토크+속도),N5,D16,Rolling_Z,430,2.118435313824022,low_anomaly,0,,,baseline_stability=0.558,"max_z=15.92, severe_ratio=1.03%"
PR9L1_ACT_SPD_MS,09_PR_Detailed,PR 상세 (토크+속도),N5,D16,Rolling_Z,434,2.1381416888363387,low_anomaly,0,,,baseline_stability=0.606,"max_z=14.50, severe_ratio=0.94%"
PINCHROLL_2_ACTUAL_SPEED,08_Pinchroll,핀치롤,N5,D20,Rolling_Z,124,0.9436834094368342,low_anomaly,0,,,baseline_stability=0.724,"max_z=13.67, severe_ratio=0.39%"
PINCHROLL_3_ACTUAL_SPEED,08_Pinchroll,핀치롤,N5,D20,Rolling_Z,418,3.1811263318112633,moderate_anomaly,0,,,baseline_stability=0.000,"max_z=29.53, severe_ratio=1.72%"
PINCHROLL_4_ACTUAL_SPEED,08_Pinchroll,핀치롤,N5,D20,Rolling_Z,456,3.4703196347031966,moderate_anomaly,0,,,baseline_stability=0.337,"max_z=31.55, severe_ratio=1.86%"
PINCHROLL_2_ACTUAL_TORQUE,08_Pinchroll,핀치롤,N5,D20,Rolling_Z,169,1.2861491628614916,low_anomaly,0,,,baseline_stability=0.700,"max_z=21.38, severe_ratio=0.68%"
PINCHROLL_3_ACTUAL_TORQUE,08_Pinchroll,핀치롤,N5,D20,Rolling_Z,179,1.3622526636225267,low_anomaly,0,,,baseline_stability=0.664,"max_z=26.52, severe_ratio=0.72%"
PINCHROLL_4_ACTUAL_TORQUE,08_Pinchroll,핀치롤,N5,D20,Rolling_Z,239,1.8188736681887367,low_anomaly,0,,,baseline_stability=0.666,"max_z=22.45, severe_ratio=0.91%"
PINCHROLL_2_REFERENCE_TORQUE,08_Pinchroll,핀치롤,N5,D20,Rolling_Z,63,0.4794520547945206,unstable,0,,,baseline_stability=0.414,"max_z=22.53, severe_ratio=0.37%"
PINCHROLL_3_REFERENCE_TORQUE,08_Pinchroll,핀치롤,N5,D20,Rolling_Z,162,1.2328767123287672,low_anomaly,0,,,baseline_stability=0.685,"max_z=6.56, severe_ratio=0.19%"
PINCHROLL_4_REFERENCE_TORQUE,08_Pinchroll,핀치롤,N5,D20,Rolling_Z,162,1.2328767123287672,low_anomaly,0,,,baseline_stability=0.687,"max_z=6.56, severe_ratio=0.14%"
PINCHROLL_3_REFERENCE_SPEED,08_Pinchroll,핀치롤,N5,D20,Rolling_Z,437,3.3257229832572297,moderate_anomaly,0,,,baseline_stability=0.000,"max_z=29.10, severe_ratio=1.92%"
PINCHROLL_4_REFERENCE_SPEED,08_Pinchroll,핀치롤,N5,D20,Rolling_Z,486,3.6986301369863015,moderate_anomaly,0,,,baseline_stability=0.331,"max_z=33.45, severe_ratio=2.07%"
PR6L1_ACT_TORQUE,09_PR_Detailed,PR 상세 (토크+속도),N5,D20,Rolling_Z,250,4.54297655824096,moderate_anomaly,0,,,baseline_stability=0.749,"max_z=9.76, severe_ratio=0.67%"
PR6L2_ACT_TORQUE,09_PR_Detailed,PR 상세 (토크+속도),N5,D20,Rolling_Z,378,5.07178317456058,moderate_anomaly,0,,,baseline_stability=0.634,"max_z=12.69, severe_ratio=0.98%"
PR7L1_ACT_TORQUE,09_PR_Detailed,PR 상세 (토크+속도),N5,D20,Rolling_Z,327,5.942213338179175,moderate_anomaly,0,,,baseline_stability=0.727,"max_z=13.49, severe_ratio=0.91%"
PR7L2_ACT_TORQUE,09_PR_Detailed,PR 상세 (토크+속도),N5,D20,Rolling_Z,401,5.380383738092044,moderate_anomaly,0,,,baseline_stability=0.696,"max_z=14.11, severe_ratio=0.99%"
PR8L1_ACT_TORQUE,09_PR_Detailed,PR 상세 (토크+속도),N5,D20,Rolling_Z,104,1.889878248228239,low_anomaly,0,,,baseline_stability=0.677,"max_z=13.96, severe_ratio=1.09%"
PR9L1_ACT_TORQUE,09_PR_Detailed,PR 상세 (토크+속도),N5,D20,Rolling_Z,103,1.8717063419952753,low_anomaly,0,,,baseline_stability=0.681,"max_z=14.40, severe_ratio=1.16%"
PR6L1_ACT_SPD_MS,09_PR_Detailed,PR 상세 (토크+속도),N5,D20,Rolling_Z,229,4.161366527348719,moderate_anomaly,0,,,baseline_stability=0.401,"max_z=27.23, severe_ratio=2.74%"
PR6L2_ACT_SPD_MS,09_PR_Detailed,PR 상세 (토크+속도),N5,D20,Rolling_Z,386,5.179122501006306,moderate_anomaly,0,,,baseline_stability=0.169,"max_z=48.05, severe_ratio=3.26%"
PR7L1_ACT_SPD_MS,09_PR_Detailed,PR 상세 (토크+속도),N5,D20,Rolling_Z,201,3.6525531528257313,moderate_anomaly,0,,,baseline_stability=0.390,"max_z=27.17, severe_ratio=2.65%"
PR7L2_ACT_SPD_MS,09_PR_Detailed,PR 상세 (토크+속도),N5,D20,Rolling_Z,373,5.004696095532,moderate_anomaly,0,,,baseline_stability=0.164,"max_z=47.98, severe_ratio=3.23%"
PR8L1_ACT_SPD_MS,09_PR_Detailed,PR 상세 (토크+속도),N5,D20,Rolling_Z,203,3.688896965291659,moderate_anomaly,0,,,baseline_stability=0.578,"max_z=15.57, severe_ratio=2.56%"
PR9L1_ACT_SPD_MS,09_PR_Detailed,PR 상세 (토크+속도),N5,D20,Rolling_Z,184,3.343630746865346,moderate_anomaly,0,,,baseline_stability=0.628,"max_z=13.24, severe_ratio=2.38%"
PINCHROLL_2_ACTUAL_SPEED,08_Pinchroll,핀치롤,B5,D13,STL,34,20.238095238095237,high_residual,168,,,"seasonality=none, strength=0.110",trend_strength=0.599
PINCHROLL_3_ACTUAL_SPEED,08_Pinchroll,핀치롤,B5,D13,STL,21,12.5,moderate_residual,168,,,"seasonality=none, strength=0.008",trend_strength=0.186
PINCHROLL_4_ACTUAL_SPEED,08_Pinchroll,핀치롤,B5,D13,STL,19,11.30952380952381,moderate_residual,168,,,"seasonality=none, strength=0.132",trend_strength=0.489
PINCHROLL_2_ACTUAL_TORQUE,08_Pinchroll,핀치롤,B5,D13,STL,31,18.452380952380953,high_residual,168,,,"seasonality=weak, strength=0.217",trend_strength=0.071
PINCHROLL_3_ACTUAL_TORQUE,08_Pinchroll,핀치롤,B5,D13,STL,31,18.452380952380953,high_residual,168,,,"seasonality=weak, strength=0.215",trend_strength=0.079
PINCHROLL_4_ACTUAL_TORQUE,08_Pinchroll,핀치롤,B5,D13,STL,31,18.452380952380953,high_residual,168,,,"seasonality=weak, strength=0.218",trend_strength=0.081
PINCHROLL_2_REFERENCE_TORQUE,08_Pinchroll,핀치롤,B5,D13,STL,21,12.5,moderate_residual,168,,,"seasonality=none, strength=0.000",trend_strength=0.000
PINCHROLL_3_REFERENCE_TORQUE,08_Pinchroll,핀치롤,B5,D13,STL,28,16.666666666666664,high_residual,168,,,"seasonality=none, strength=0.109",trend_strength=0.087
PINCHROLL_4_REFERENCE_TORQUE,08_Pinchroll,핀치롤,B5,D13,STL,28,16.666666666666664,high_residual,168,,,"seasonality=none, strength=0.109",trend_strength=0.088
PINCHROLL_3_REFERENCE_SPEED,08_Pinchroll,핀치롤,B5,D13,STL,35,20.833333333333336,high_residual,168,,,"seasonality=none, strength=0.016",trend_strength=0.001
PINCHROLL_4_REFERENCE_SPEED,08_Pinchroll,핀치롤,B5,D13,STL,63,37.5,high_residual,168,,,"seasonality=none, strength=0.000",trend_strength=0.131
PR6L2_ACT_TORQUE,09_PR_Detailed,PR 상세 (토크+속도),B5,D13,STL,24,16.666666666666664,high_residual,144,,,"seasonality=none, strength=0.081",trend_strength=0.617
PR7L2_ACT_TORQUE,09_PR_Detailed,PR 상세 (토크+속도),B5,D13,STL,34,23.61111111111111,high_residual,144,,,"seasonality=none, strength=0.035",trend_strength=0.016
PR6L2_ACT_SPD_MS,09_PR_Detailed,PR 상세 (토크+속도),B5,D13,STL,21,14.583333333333334,moderate_residual,144,,,"seasonality=none, strength=0.000",trend_strength=0.000
PR7L2_ACT_SPD_MS,09_PR_Detailed,PR 상세 (토크+속도),B5,D13,STL,30,20.833333333333336,high_residual,144,,,"seasonality=none, strength=0.001",trend_strength=0.064
PINCHROLL_2_ACTUAL_SPEED,08_Pinchroll,핀치롤,D4,D10,STL,881,42.19348659003831,high_residual,2088,,,"seasonality=none, strength=0.052",trend_strength=0.680
PINCHROLL_3_ACTUAL_SPEED,08_Pinchroll,핀치롤,D4,D10,STL,725,34.72222222222222,strong_seasonal,2088,,,"seasonality=strong, strength=0.727",trend_strength=0.999
PINCHROLL_4_ACTUAL_SPEED,08_Pinchroll,핀치롤,D4,D10,STL,896,42.911877394636015,high_residual,2088,,,"seasonality=none, strength=0.000",trend_strength=0.982
PINCHROLL_2_ACTUAL_TORQUE,08_Pinchroll,핀치롤,D4,D10,STL,753,36.06321839080459,high_residual,2088,,,"seasonality=none, strength=0.000",trend_strength=0.054
PINCHROLL_3_ACTUAL_TORQUE,08_Pinchroll,핀치롤,D4,D10,STL,818,39.17624521072797,high_residual,2088,,,"seasonality=none, strength=0.000",trend_strength=0.972
PINCHROLL_4_ACTUAL_TORQUE,08_Pinchroll,핀치롤,D4,D10,STL,920,44.06130268199234,high_residual,2088,,,"seasonality=none, strength=0.004",trend_strength=0.896
PINCHROLL_2_REFERENCE_TORQUE,08_Pinchroll,핀치롤,D4,D10,STL,922,44.157088122605366,strong_seasonal,2088,,,"seasonality=strong, strength=0.988",trend_strength=1.000
PINCHROLL_3_REFERENCE_TORQUE,08_Pinchroll,핀치롤,D4,D10,STL,913,43.72605363984675,high_residual,2088,,,"seasonality=none, strength=0.007",trend_strength=0.856
PINCHROLL_4_REFERENCE_TORQUE,08_Pinchroll,핀치롤,D4,D10,STL,821,39.319923371647505,high_residual,2088,,,"seasonality=none, strength=0.000",trend_strength=0.784
PINCHROLL_3_REFERENCE_SPEED,08_Pinchroll,핀치롤,D4,D10,STL,780,37.35632183908046,high_residual,2088,,,"seasonality=weak, strength=0.332",trend_strength=0.997
PINCHROLL_4_REFERENCE_SPEED,08_Pinchroll,핀치롤,D4,D10,STL,858,41.09195402298851,high_residual,2088,,,"seasonality=none, strength=0.000",trend_strength=0.958
PR6L2_ACT_TORQUE,09_PR_Detailed,PR 상세 (토크+속도),D4,D10,STL,520,43.333333333333336,high_residual,1200,,,"seasonality=none, strength=0.062",trend_strength=0.893
PR7L2_ACT_TORQUE,09_PR_Detailed,PR 상세 (토크+속도),D4,D10,STL,391,32.58333333333333,high_residual,1200,,,"seasonality=none, strength=0.000",trend_strength=0.955
PR6L2_ACT_SPD_MS,09_PR_Detailed,PR 상세 (토크+속도),D4,D10,STL,387,32.25,high_residual,1200,,,"seasonality=none, strength=0.000",trend_strength=0.923
PR7L2_ACT_SPD_MS,09_PR_Detailed,PR 상세 (토크+속도),D4,D10,STL,497,41.41666666666667,high_residual,1200,,,"seasonality=none, strength=0.007",trend_strength=0.924
PINCHROLL_2_ACTUAL_SPEED,08_Pinchroll,핀치롤,D4,D13,STL,659,42.90364583333333,high_residual,1536,,,"seasonality=none, strength=0.084",trend_strength=0.941
PINCHROLL_3_ACTUAL_SPEED,08_Pinchroll,핀치롤,D4,D13,STL,679,44.20572916666667,high_residual,1536,,,"seasonality=none, strength=0.000",trend_strength=0.856
PINCHROLL_4_ACTUAL_SPEED,08_Pinchroll,핀치롤,D4,D13,STL,429,27.9296875,high_residual,1536,,,"seasonality=none, strength=0.000",trend_strength=0.962
PINCHROLL_2_ACTUAL_TORQUE,08_Pinchroll,핀치롤,D4,D13,STL,492,32.03125,high_residual,1536,,,"seasonality=none, strength=0.000",trend_strength=0.792
PINCHROLL_3_ACTUAL_TORQUE,08_Pinchroll,핀치롤,D4,D13,STL,608,39.58333333333333,high_residual,1536,,,"seasonality=none, strength=0.000",trend_strength=0.708
PINCHROLL_4_ACTUAL_TORQUE,08_Pinchroll,핀치롤,D4,D13,STL,660,42.96875,high_residual,1536,,,"seasonality=none, strength=0.000",trend_strength=0.742
PINCHROLL_2_REFERENCE_TORQUE,08_Pinchroll,핀치롤,D4,D13,STL,442,28.776041666666668,high_residual,1536,,,"seasonality=none, strength=0.000",trend_strength=0.000
PINCHROLL_3_REFERENCE_TORQUE,08_Pinchroll,핀치롤,D4,D13,STL,548,35.67708333333333,high_residual,1536,,,"seasonality=none, strength=0.000",trend_strength=0.865
PINCHROLL_4_REFERENCE_TORQUE,08_Pinchroll,핀치롤,D4,D13,STL,653,42.51302083333333,high_residual,1536,,,"seasonality=none, strength=0.000",trend_strength=0.826
PINCHROLL_3_REFERENCE_SPEED,08_Pinchroll,핀치롤,D4,D13,STL,535,34.83072916666667,high_residual,1536,,,"seasonality=none, strength=0.000",trend_strength=0.859
PINCHROLL_4_REFERENCE_SPEED,08_Pinchroll,핀치롤,D4,D13,STL,580,37.76041666666667,high_residual,1536,,,"seasonality=none, strength=0.001",trend_strength=0.900
PR6L1_ACT_TORQUE,09_PR_Detailed,PR 상세 (토크+속도),D4,D13,STL,604,39.32291666666667,high_residual,1536,,,"seasonality=none, strength=0.000",trend_strength=0.633
PR7L1_ACT_TORQUE,09_PR_Detailed,PR 상세 (토크+속도),D4,D13,STL,640,41.66666666666667,high_residual,1536,,,"seasonality=none, strength=0.028",trend_strength=0.967
PR8L1_ACT_TORQUE,09_PR_Detailed,PR 상세 (토크+속도),D4,D13,STL,693,45.1171875,high_residual,1536,,,"seasonality=none, strength=0.000",trend_strength=0.921
PR9L1_ACT_TORQUE,09_PR_Detailed,PR 상세 (토크+속도),D4,D13,STL,560,36.45833333333333,high_residual,1536,,,"seasonality=none, strength=0.017",trend_strength=0.793
PR6L1_ACT_SPD_MS,09_PR_Detailed,PR 상세 (토크+속도),D4,D13,STL,489,31.8359375,high_residual,1536,,,"seasonality=none, strength=0.160",trend_strength=0.999
PR7L1_ACT_SPD_MS,09_PR_Detailed,PR 상세 (토크+속도),D4,D13,STL,633,41.2109375,high_residual,1536,,,"seasonality=none, strength=0.000",trend_strength=0.946
PR8L1_ACT_SPD_MS,09_PR_Detailed,PR 상세 (토크+속도),D4,D13,STL,649,42.25260416666667,high_residual,1536,,,"seasonality=weak, strength=0.308",trend_strength=0.995
PR9L1_ACT_SPD_MS,09_PR_Detailed,PR 상세 (토크+속도),D4,D13,STL,636,41.40625,high_residual,1536,,,"seasonality=none, strength=0.013",trend_strength=0.922
PINCHROLL_2_ACTUAL_SPEED,08_Pinchroll,핀치롤,D5,D10,STL,1478,38.489583333333336,strong_seasonal,3840,,,"seasonality=strong, strength=0.935",trend_strength=0.927
PINCHROLL_3_ACTUAL_SPEED,08_Pinchroll,핀치롤,D5,D10,STL,1473,38.359375,high_residual,3840,,,"seasonality=moderate, strength=0.695",trend_strength=0.998
PINCHROLL_4_ACTUAL_SPEED,08_Pinchroll,핀치롤,D5,D10,STL,1596,41.5625,high_residual,3840,,,"seasonality=weak, strength=0.319",trend_strength=0.965
PINCHROLL_2_ACTUAL_TORQUE,08_Pinchroll,핀치롤,D5,D10,STL,1712,44.583333333333336,high_residual,3840,,,"seasonality=none, strength=0.000",trend_strength=0.946
PINCHROLL_3_ACTUAL_TORQUE,08_Pinchroll,핀치롤,D5,D10,STL,1546,40.260416666666664,high_residual,3840,,,"seasonality=none, strength=0.000",trend_strength=0.966
PINCHROLL_4_ACTUAL_TORQUE,08_Pinchroll,핀치롤,D5,D10,STL,1563,40.703125,high_residual,3840,,,"seasonality=none, strength=0.000",trend_strength=0.956
PINCHROLL_2_REFERENCE_TORQUE,08_Pinchroll,핀치롤,D5,D10,STL,1455,37.890625,high_residual,3840,,,"seasonality=moderate, strength=0.429",trend_strength=0.978
PINCHROLL_3_REFERENCE_TORQUE,08_Pinchroll,핀치롤,D5,D10,STL,1487,38.723958333333336,high_residual,3840,,,"seasonality=none, strength=0.000",trend_strength=0.957
PINCHROLL_4_REFERENCE_TORQUE,08_Pinchroll,핀치롤,D5,D10,STL,1568,40.833333333333336,high_residual,3840,,,"seasonality=none, strength=0.000",trend_strength=0.699
PINCHROLL_3_REFERENCE_SPEED,08_Pinchroll,핀치롤,D5,D10,STL,1646,42.864583333333336,high_residual,3840,,,"seasonality=weak, strength=0.252",trend_strength=0.392
PINCHROLL_4_REFERENCE_SPEED,08_Pinchroll,핀치롤,D5,D10,STL,1376,35.833333333333336,strong_seasonal,3840,,,"seasonality=strong, strength=0.809",trend_strength=0.987
PR6L1_ACT_TORQUE,09_PR_Detailed,PR 상세 (토크+속도),D5,D10,STL,1655,43.09895833333333,high_residual,3840,,,"seasonality=weak, strength=0.311",trend_strength=0.965
PR6L2_ACT_TORQUE,09_PR_Detailed,PR 상세 (토크+속도),D5,D10,STL,1667,43.411458333333336,high_residual,3840,,,"seasonality=none, strength=0.010",trend_strength=0.970
PR7L1_ACT_TORQUE,09_PR_Detailed,PR 상세 (토크+속도),D5,D10,STL,1590,41.40625,high_residual,3840,,,"seasonality=none, strength=0.000",trend_strength=0.884
PR7L2_ACT_TORQUE,09_PR_Detailed,PR 상세 (토크+속도),D5,D10,STL,1411,36.744791666666664,high_residual,3840,,,"seasonality=none, strength=0.002",trend_strength=0.973
PR8L1_ACT_TORQUE,09_PR_Detailed,PR 상세 (토크+속도),D5,D10,STL,1475,38.41145833333333,high_residual,3840,,,"seasonality=none, strength=0.016",trend_strength=0.970
PR9L1_ACT_TORQUE,09_PR_Detailed,PR 상세 (토크+속도),D5,D10,STL,1565,40.75520833333333,high_residual,3840,,,"seasonality=none, strength=0.000",trend_strength=0.963
PR6L1_ACT_SPD_MS,09_PR_Detailed,PR 상세 (토크+속도),D5,D10,STL,1582,41.197916666666664,high_residual,3840,,,"seasonality=none, strength=0.000",trend_strength=0.963
PR6L2_ACT_SPD_MS,09_PR_Detailed,PR 상세 (토크+속도),D5,D10,STL,1607,41.848958333333336,high_residual,3840,,,"seasonality=none, strength=0.003",trend_strength=0.988
PR7L1_ACT_SPD_MS,09_PR_Detailed,PR 상세 (토크+속도),D5,D10,STL,1557,40.546875,high_residual,3840,,,"seasonality=none, strength=0.099",trend_strength=0.955
PR7L2_ACT_SPD_MS,09_PR_Detailed,PR 상세 (토크+속도),D5,D10,STL,1515,39.453125,high_residual,3840,,,"seasonality=none, strength=0.000",trend_strength=0.968
PR8L1_ACT_SPD_MS,09_PR_Detailed,PR 상세 (토크+속도),D5,D10,STL,1612,41.979166666666664,high_residual,3840,,,"seasonality=none, strength=0.132",trend_strength=0.974
PR9L1_ACT_SPD_MS,09_PR_Detailed,PR 상세 (토크+속도),D5,D10,STL,1357,35.338541666666664,high_residual,3840,,,"seasonality=none, strength=0.052",trend_strength=0.961
PINCHROLL_2_ACTUAL_SPEED,08_Pinchroll,핀치롤,D5,D13,STL,888,40.29038112522686,high_residual,2204,,,"seasonality=weak, strength=0.211",trend_strength=0.999
PINCHROLL_3_ACTUAL_SPEED,08_Pinchroll,핀치롤,D5,D13,STL,898,40.74410163339383,high_residual,2204,,,"seasonality=weak, strength=0.261",trend_strength=0.987
PINCHROLL_4_ACTUAL_SPEED,08_Pinchroll,핀치롤,D5,D13,STL,943,42.78584392014519,high_residual,2204,,,"seasonality=weak, strength=0.362",trend_strength=0.999
PINCHROLL_2_ACTUAL_TORQUE,08_Pinchroll,핀치롤,D5,D13,STL,1044,47.368421052631575,high_residual,2204,,,"seasonality=moderate, strength=0.612",trend_strength=0.701
PINCHROLL_3_ACTUAL_TORQUE,08_Pinchroll,핀치롤,D5,D13,STL,967,43.87477313974591,high_residual,2204,,,"seasonality=none, strength=0.000",trend_strength=0.856
PINCHROLL_4_ACTUAL_TORQUE,08_Pinchroll,핀치롤,D5,D13,STL,965,43.78402903811252,high_residual,2204,,,"seasonality=none, strength=0.000",trend_strength=0.882
PINCHROLL_2_REFERENCE_TORQUE,08_Pinchroll,핀치롤,D5,D13,STL,963,43.693284936479124,high_residual,2204,,,"seasonality=none, strength=0.078",trend_strength=1.000
PINCHROLL_3_REFERENCE_TORQUE,08_Pinchroll,핀치롤,D5,D13,STL,923,41.87840290381125,high_residual,2204,,,"seasonality=none, strength=0.000",trend_strength=0.861
PINCHROLL_4_REFERENCE_TORQUE,08_Pinchroll,핀치롤,D5,D13,STL,872,39.56442831215971,high_residual,2204,,,"seasonality=none, strength=0.000",trend_strength=0.989
PINCHROLL_3_REFERENCE_SPEED,08_Pinchroll,핀치롤,D5,D13,STL,840,38.11252268602541,high_residual,2204,,,"seasonality=none, strength=0.024",trend_strength=0.974
PINCHROLL_4_REFERENCE_SPEED,08_Pinchroll,핀치롤,D5,D13,STL,744,33.756805807622506,high_residual,2204,,,"seasonality=none, strength=0.000",trend_strength=0.999
PR6L1_ACT_TORQUE,09_PR_Detailed,PR 상세 (토크+속도),D5,D13,STL,897,40.71720381298229,high_residual,2203,,,"seasonality=none, strength=0.002",trend_strength=0.249
PR6L2_ACT_TORQUE,09_PR_Detailed,PR 상세 (토크+속도),D5,D13,STL,952,43.213799364502954,high_residual,2203,,,"seasonality=none, strength=0.185",trend_strength=0.999
PR7L1_ACT_TORQUE,09_PR_Detailed,PR 상세 (토크+속도),D5,D13,STL,856,38.856105310939625,high_residual,2203,,,"seasonality=none, strength=0.000",trend_strength=0.748
PR7L2_ACT_TORQUE,09_PR_Detailed,PR 상세 (토크+속도),D5,D13,STL,736,33.40898774398548,high_residual,2203,,,"seasonality=none, strength=0.000",trend_strength=0.952
PR8L1_ACT_TORQUE,09_PR_Detailed,PR 상세 (토크+속도),D5,D13,STL,1001,45.4380390376759,high_residual,2203,,,"seasonality=none, strength=0.000",trend_strength=0.000
PR9L1_ACT_TORQUE,09_PR_Detailed,PR 상세 (토크+속도),D5,D13,STL,815,36.99500680889696,high_residual,2203,,,"seasonality=none, strength=0.000",trend_strength=0.969
PR6L1_ACT_SPD_MS,09_PR_Detailed,PR 상세 (토크+속도),D5,D13,STL,923,41.8974126191557,high_residual,2203,,,"seasonality=none, strength=0.000",trend_strength=0.999
PR6L2_ACT_SPD_MS,09_PR_Detailed,PR 상세 (토크+속도),D5,D13,STL,836,37.94825238311393,high_residual,2203,,,"seasonality=moderate, strength=0.432",trend_strength=1.000
PR7L1_ACT_SPD_MS,09_PR_Detailed,PR 상세 (토크+속도),D5,D13,STL,875,39.718565592374034,high_residual,2203,,,"seasonality=none, strength=0.065",trend_strength=0.963
PR7L2_ACT_SPD_MS,09_PR_Detailed,PR 상세 (토크+속도),D5,D13,STL,987,44.802541988197916,strong_seasonal,2203,,,"seasonality=strong, strength=0.993",trend_strength=1.000
PR8L1_ACT_SPD_MS,09_PR_Detailed,PR 상세 (토크+속도),D5,D13,STL,962,43.6677258284158,high_residual,2203,,,"seasonality=none, strength=0.022",trend_strength=0.944
PR9L1_ACT_SPD_MS,09_PR_Detailed,PR 상세 (토크+속도),D5,D13,STL,929,42.169768497503405,high_residual,2203,,,"seasonality=none, strength=0.142",trend_strength=0.973
PINCHROLL_2_ACTUAL_SPEED,08_Pinchroll,핀치롤,N5,D10,STL,318,23.24561403508772,high_residual,1368,,,"seasonality=none, strength=0.000",trend_strength=0.950
PINCHROLL_3_ACTUAL_SPEED,08_Pinchroll,핀치롤,N5,D10,STL,553,40.42397660818713,high_residual,1368,,,"seasonality=none, strength=0.011",trend_strength=0.972
PINCHROLL_4_ACTUAL_SPEED,08_Pinchroll,핀치롤,N5,D10,STL,459,33.55263157894737,high_residual,1368,,,"seasonality=none, strength=0.013",trend_strength=0.951
PINCHROLL_2_ACTUAL_TORQUE,08_Pinchroll,핀치롤,N5,D10,STL,431,31.505847953216374,high_residual,1368,,,"seasonality=none, strength=0.052",trend_strength=0.700
PINCHROLL_3_ACTUAL_TORQUE,08_Pinchroll,핀치롤,N5,D10,STL,580,42.39766081871345,high_residual,1368,,,"seasonality=none, strength=0.034",trend_strength=0.829
PINCHROLL_4_ACTUAL_TORQUE,08_Pinchroll,핀치롤,N5,D10,STL,593,43.34795321637427,high_residual,1368,,,"seasonality=none, strength=0.000",trend_strength=0.642
PINCHROLL_2_REFERENCE_TORQUE,08_Pinchroll,핀치롤,N5,D10,STL,590,43.12865497076023,strong_seasonal,1368,,,"seasonality=strong, strength=0.860",trend_strength=1.000
PINCHROLL_3_REFERENCE_TORQUE,08_Pinchroll,핀치롤,N5,D10,STL,526,38.45029239766082,high_residual,1368,,,"seasonality=none, strength=0.000",trend_strength=0.846
PINCHROLL_4_REFERENCE_TORQUE,08_Pinchroll,핀치롤,N5,D10,STL,595,43.494152046783626,high_residual,1368,,,"seasonality=none, strength=0.000",trend_strength=0.794
PINCHROLL_3_REFERENCE_SPEED,08_Pinchroll,핀치롤,N5,D10,STL,501,36.622807017543856,high_residual,1368,,,"seasonality=none, strength=0.077",trend_strength=0.961
PINCHROLL_4_REFERENCE_SPEED,08_Pinchroll,핀치롤,N5,D10,STL,481,35.16081871345029,high_residual,1368,,,"seasonality=none, strength=0.083",trend_strength=0.966
PR6L1_ACT_TORQUE,09_PR_Detailed,PR 상세 (토크+속도),N5,D10,STL,506,36.98830409356725,high_residual,1368,,,"seasonality=none, strength=0.050",trend_strength=0.971
PR6L2_ACT_TORQUE,09_PR_Detailed,PR 상세 (토크+속도),N5,D10,STL,115,20.833333333333336,high_residual,552,,,"seasonality=none, strength=0.000",trend_strength=0.421
PR7L1_ACT_TORQUE,09_PR_Detailed,PR 상세 (토크+속도),N5,D10,STL,587,42.909356725146196,high_residual,1368,,,"seasonality=none, strength=0.000",trend_strength=0.714
PR7L2_ACT_TORQUE,09_PR_Detailed,PR 상세 (토크+속도),N5,D10,STL,190,34.42028985507246,high_residual,552,,,"seasonality=none, strength=0.000",trend_strength=0.425
PR8L1_ACT_TORQUE,09_PR_Detailed,PR 상세 (토크+속도),N5,D10,STL,626,45.760233918128655,high_residual,1368,,,"seasonality=none, strength=0.001",trend_strength=0.714
PR9L1_ACT_TORQUE,09_PR_Detailed,PR 상세 (토크+속도),N5,D10,STL,597,43.640350877192986,high_residual,1368,,,"seasonality=none, strength=0.000",trend_strength=0.946
PR6L1_ACT_SPD_MS,09_PR_Detailed,PR 상세 (토크+속도),N5,D10,STL,488,35.67251461988304,high_residual,1368,,,"seasonality=none, strength=0.002",trend_strength=0.969
PR6L2_ACT_SPD_MS,09_PR_Detailed,PR 상세 (토크+속도),N5,D10,STL,178,32.2463768115942,high_residual,552,,,"seasonality=none, strength=0.001",trend_strength=0.952
PR7L1_ACT_SPD_MS,09_PR_Detailed,PR 상세 (토크+속도),N5,D10,STL,523,38.23099415204678,high_residual,1368,,,"seasonality=none, strength=0.000",trend_strength=0.813
PR7L2_ACT_SPD_MS,09_PR_Detailed,PR 상세 (토크+속도),N5,D10,STL,175,31.70289855072464,high_residual,552,,,"seasonality=none, strength=0.000",trend_strength=0.350
PR8L1_ACT_SPD_MS,09_PR_Detailed,PR 상세 (토크+속도),N5,D10,STL,608,44.44444444444444,high_residual,1368,,,"seasonality=none, strength=0.001",trend_strength=0.899
PR9L1_ACT_SPD_MS,09_PR_Detailed,PR 상세 (토크+속도),N5,D10,STL,534,39.03508771929825,high_residual,1368,,,"seasonality=none, strength=0.015",trend_strength=0.918
PINCHROLL_2_ACTUAL_SPEED,08_Pinchroll,핀치롤,N5,D12,STL,1123,38.670798898071624,high_residual,2904,,,"seasonality=none, strength=0.000",trend_strength=0.970
PINCHROLL_3_ACTUAL_SPEED,08_Pinchroll,핀치롤,N5,D12,STL,1260,43.388429752066116,high_residual,2904,,,"seasonality=none, strength=0.010",trend_strength=0.941
PINCHROLL_4_ACTUAL_SPEED,08_Pinchroll,핀치롤,N5,D12,STL,1263,43.49173553719009,high_residual,2904,,,"seasonality=none, strength=0.000",trend_strength=0.907
PINCHROLL_2_ACTUAL_TORQUE,08_Pinchroll,핀치롤,N5,D12,STL,1161,39.9793388429752,high_residual,2904,,,"seasonality=none, strength=0.000",trend_strength=0.788
PINCHROLL_3_ACTUAL_TORQUE,08_Pinchroll,핀치롤,N5,D12,STL,1203,41.425619834710744,high_residual,2904,,,"seasonality=none, strength=0.075",trend_strength=0.884
PINCHROLL_4_ACTUAL_TORQUE,08_Pinchroll,핀치롤,N5,D12,STL,1035,35.64049586776859,high_residual,2904,,,"seasonality=none, strength=0.000",trend_strength=0.768
PINCHROLL_2_REFERENCE_TORQUE,08_Pinchroll,핀치롤,N5,D12,STL,1122,38.63636363636363,high_residual,2904,,,"seasonality=none, strength=0.000",trend_strength=0.000
PINCHROLL_3_REFERENCE_TORQUE,08_Pinchroll,핀치롤,N5,D12,STL,1084,37.327823691460054,high_residual,2904,,,"seasonality=none, strength=0.000",trend_strength=0.933
PINCHROLL_4_REFERENCE_TORQUE,08_Pinchroll,핀치롤,N5,D12,STL,1196,41.18457300275482,high_residual,2904,,,"seasonality=none, strength=0.000",trend_strength=0.861
PINCHROLL_3_REFERENCE_SPEED,08_Pinchroll,핀치롤,N5,D12,STL,1232,42.42424242424242,high_residual,2904,,,"seasonality=none, strength=0.000",trend_strength=0.805
PINCHROLL_4_REFERENCE_SPEED,08_Pinchroll,핀치롤,N5,D12,STL,1221,42.04545454545455,high_residual,2904,,,"seasonality=none, strength=0.000",trend_strength=0.929
PR6L1_ACT_TORQUE,09_PR_Detailed,PR 상세 (토크+속도),N5,D12,STL,1168,40.22038567493113,high_residual,2904,,,"seasonality=none, strength=0.016",trend_strength=0.952
PR6L2_ACT_TORQUE,09_PR_Detailed,PR 상세 (토크+속도),N5,D12,STL,1161,39.9793388429752,high_residual,2904,,,"seasonality=none, strength=0.000",trend_strength=0.970
PR7L1_ACT_TORQUE,09_PR_Detailed,PR 상세 (토크+속도),N5,D12,STL,1172,40.358126721763085,high_residual,2904,,,"seasonality=none, strength=0.016",trend_strength=0.974
PR7L2_ACT_TORQUE,09_PR_Detailed,PR 상세 (토크+속도),N5,D12,STL,1181,40.66804407713499,high_residual,2904,,,"seasonality=none, strength=0.000",trend_strength=0.958
PR8L1_ACT_TORQUE,09_PR_Detailed,PR 상세 (토크+속도),N5,D12,STL,1147,39.49724517906336,high_residual,2904,,,"seasonality=none, strength=0.198",trend_strength=0.921
PR9L1_ACT_TORQUE,09_PR_Detailed,PR 상세 (토크+속도),N5,D12,STL,1204,41.460055096418735,high_residual,2904,,,"seasonality=none, strength=0.078",trend_strength=0.956
PR6L1_ACT_SPD_MS,09_PR_Detailed,PR 상세 (토크+속도),N5,D12,STL,1039,35.778236914600555,high_residual,2904,,,"seasonality=none, strength=0.187",trend_strength=0.988
PR6L2_ACT_SPD_MS,09_PR_Detailed,PR 상세 (토크+속도),N5,D12,STL,1129,38.87741046831955,high_residual,2904,,,"seasonality=none, strength=0.000",trend_strength=0.954
PR7L1_ACT_SPD_MS,09_PR_Detailed,PR 상세 (토크+속도),N5,D12,STL,1246,42.90633608815427,high_residual,2904,,,"seasonality=none, strength=0.000",trend_strength=0.968
PR7L2_ACT_SPD_MS,09_PR_Detailed,PR 상세 (토크+속도),N5,D12,STL,1178,40.56473829201102,high_residual,2904,,,"seasonality=none, strength=0.000",trend_strength=0.941
PR8L1_ACT_SPD_MS,09_PR_Detailed,PR 상세 (토크+속도),N5,D12,STL,1222,42.07988980716254,high_residual,2904,,,"seasonality=none, strength=0.000",trend_strength=0.966
PR9L1_ACT_SPD_MS,09_PR_Detailed,PR 상세 (토크+속도),N5,D12,STL,1204,41.460055096418735,high_residual,2904,,,"seasonality=none, strength=0.000",trend_strength=0.933
PINCHROLL_2_ACTUAL_SPEED,08_Pinchroll,핀치롤,N5,D16,STL,868,38.07017543859649,high_residual,2280,,,"seasonality=none, strength=0.000",trend_strength=0.947
PINCHROLL_3_ACTUAL_SPEED,08_Pinchroll,핀치롤,N5,D16,STL,1016,44.56140350877193,high_residual,2280,,,"seasonality=weak, strength=0.381",trend_strength=0.761
PINCHROLL_4_ACTUAL_SPEED,08_Pinchroll,핀치롤,N5,D16,STL,1048,45.96491228070175,high_residual,2280,,,"seasonality=none, strength=0.178",trend_strength=0.911
PINCHROLL_2_ACTUAL_TORQUE,08_Pinchroll,핀치롤,N5,D16,STL,907,39.780701754385966,high_residual,2280,,,"seasonality=none, strength=0.007",trend_strength=0.910
PINCHROLL_3_ACTUAL_TORQUE,08_Pinchroll,핀치롤,N5,D16,STL,1014,44.473684210526315,high_residual,2280,,,"seasonality=none, strength=0.126",trend_strength=0.846
PINCHROLL_4_ACTUAL_TORQUE,08_Pinchroll,핀치롤,N5,D16,STL,957,41.973684210526315,high_residual,2280,,,"seasonality=none, strength=0.000",trend_strength=0.785
PINCHROLL_2_REFERENCE_TORQUE,08_Pinchroll,핀치롤,N5,D16,STL,971,42.58771929824562,high_residual,2280,,,"seasonality=none, strength=0.028",trend_strength=0.989
PINCHROLL_3_REFERENCE_TORQUE,08_Pinchroll,핀치롤,N5,D16,STL,846,37.10526315789473,high_residual,2280,,,"seasonality=none, strength=0.002",trend_strength=0.873
PINCHROLL_4_REFERENCE_TORQUE,08_Pinchroll,핀치롤,N5,D16,STL,919,40.307017543859644,high_residual,2280,,,"seasonality=none, strength=0.000",trend_strength=0.861
PINCHROLL_3_REFERENCE_SPEED,08_Pinchroll,핀치롤,N5,D16,STL,912,40.0,high_residual,2280,,,"seasonality=none, strength=0.000",trend_strength=0.790
PINCHROLL_4_REFERENCE_SPEED,08_Pinchroll,핀치롤,N5,D16,STL,916,40.17543859649123,high_residual,2280,,,"seasonality=none, strength=0.038",trend_strength=0.984
PR6L1_ACT_TORQUE,09_PR_Detailed,PR 상세 (토크+속도),N5,D16,STL,607,38.32070707070707,high_residual,1584,,,"seasonality=none, strength=0.000",trend_strength=0.955
PR6L2_ACT_TORQUE,09_PR_Detailed,PR 상세 (토크+속도),N5,D16,STL,992,44.44444444444444,strong_seasonal,2232,,,"seasonality=strong, strength=0.990",trend_strength=1.000
PR7L1_ACT_TORQUE,09_PR_Detailed,PR 상세 (토크+속도),N5,D16,STL,697,44.00252525252525,high_residual,1584,,,"seasonality=none, strength=0.010",trend_strength=0.928
PR7L2_ACT_TORQUE,09_PR_Detailed,PR 상세 (토크+속도),N5,D16,STL,957,42.876344086021504,high_residual,2232,,,"seasonality=none, strength=0.025",trend_strength=0.999
PR8L1_ACT_TORQUE,09_PR_Detailed,PR 상세 (토크+속도),N5,D16,STL,501,31.62878787878788,high_residual,1584,,,"seasonality=none, strength=0.000",trend_strength=0.930
PR9L1_ACT_TORQUE,09_PR_Detailed,PR 상세 (토크+속도),N5,D16,STL,654,41.28787878787879,high_residual,1584,,,"seasonality=none, strength=0.014",trend_strength=0.959
PR6L1_ACT_SPD_MS,09_PR_Detailed,PR 상세 (토크+속도),N5,D16,STL,574,36.23737373737374,high_residual,1584,,,"seasonality=none, strength=0.000",trend_strength=0.907
PR6L2_ACT_SPD_MS,09_PR_Detailed,PR 상세 (토크+속도),N5,D16,STL,1031,46.191756272401435,high_residual,2232,,,"seasonality=moderate, strength=0.673",trend_strength=0.997
PR7L1_ACT_SPD_MS,09_PR_Detailed,PR 상세 (토크+속도),N5,D16,STL,673,42.48737373737374,high_residual,1584,,,"seasonality=none, strength=0.000",trend_strength=0.781
PR7L2_ACT_SPD_MS,09_PR_Detailed,PR 상세 (토크+속도),N5,D16,STL,1060,47.491039426523294,strong_seasonal,2232,,,"seasonality=strong, strength=0.958",trend_strength=0.999
PR8L1_ACT_SPD_MS,09_PR_Detailed,PR 상세 (토크+속도),N5,D16,STL,670,42.29797979797979,high_residual,1584,,,"seasonality=none, strength=0.150",trend_strength=0.977
PR9L1_ACT_SPD_MS,09_PR_Detailed,PR 상세 (토크+속도),N5,D16,STL,592,37.37373737373738,high_residual,1584,,,"seasonality=none, strength=0.163",trend_strength=0.968
PINCHROLL_2_ACTUAL_SPEED,08_Pinchroll,핀치롤,N5,D20,STL,649,39.45288753799392,high_residual,1645,,,"seasonality=none, strength=0.033",trend_strength=0.969
PINCHROLL_3_ACTUAL_SPEED,08_Pinchroll,핀치롤,N5,D20,STL,704,42.796352583586625,high_residual,1645,,,"seasonality=none, strength=0.000",trend_strength=0.996
PINCHROLL_4_ACTUAL_SPEED,08_Pinchroll,핀치롤,N5,D20,STL,701,42.61398176291794,high_residual,1645,,,"seasonality=none, strength=0.000",trend_strength=0.994
PINCHROLL_2_ACTUAL_TORQUE,08_Pinchroll,핀치롤,N5,D20,STL,575,34.954407294832826,high_residual,1645,,,"seasonality=none, strength=0.000",trend_strength=0.928
PINCHROLL_3_ACTUAL_TORQUE,08_Pinchroll,핀치롤,N5,D20,STL,544,33.06990881458967,high_residual,1645,,,"seasonality=none, strength=0.000",trend_strength=0.904
PINCHROLL_4_ACTUAL_TORQUE,08_Pinchroll,핀치롤,N5,D20,STL,710,43.161094224924014,high_residual,1645,,,"seasonality=none, strength=0.095",trend_strength=0.922
PINCHROLL_2_REFERENCE_TORQUE,08_Pinchroll,핀치롤,N5,D20,STL,556,33.79939209726444,high_residual,1645,,,"seasonality=none, strength=0.003",trend_strength=0.555
PINCHROLL_3_REFERENCE_TORQUE,08_Pinchroll,핀치롤,N5,D20,STL,559,33.981762917933125,high_residual,1645,,,"seasonality=none, strength=0.000",trend_strength=0.993
PINCHROLL_4_REFERENCE_TORQUE,08_Pinchroll,핀치롤,N5,D20,STL,607,36.89969604863222,high_residual,1645,,,"seasonality=none, strength=0.066",trend_strength=0.994
PINCHROLL_3_REFERENCE_SPEED,08_Pinchroll,핀치롤,N5,D20,STL,711,43.22188449848024,high_residual,1645,,,"seasonality=none, strength=0.000",trend_strength=0.952
PINCHROLL_4_REFERENCE_SPEED,08_Pinchroll,핀치롤,N5,D20,STL,667,40.547112462006076,high_residual,1645,,,"seasonality=none, strength=0.055",trend_strength=0.995
PR6L1_ACT_TORQUE,09_PR_Detailed,PR 상세 (토크+속도),N5,D20,STL,615,37.38601823708207,high_residual,1645,,,"seasonality=none, strength=0.006",trend_strength=0.843
PR6L2_ACT_TORQUE,09_PR_Detailed,PR 상세 (토크+속도),N5,D20,STL,681,41.39817629179331,high_residual,1645,,,"seasonality=none, strength=0.000",trend_strength=0.986
PR7L1_ACT_TORQUE,09_PR_Detailed,PR 상세 (토크+속도),N5,D20,STL,570,34.650455927051674,high_residual,1645,,,"seasonality=none, strength=0.028",trend_strength=0.986
PR7L2_ACT_TORQUE,09_PR_Detailed,PR 상세 (토크+속도),N5,D20,STL,754,45.83586626139818,high_residual,1645,,,"seasonality=none, strength=0.000",trend_strength=0.994
PR8L1_ACT_TORQUE,09_PR_Detailed,PR 상세 (토크+속도),N5,D20,STL,573,34.83282674772036,high_residual,1645,,,"seasonality=none, strength=0.001",trend_strength=0.891
PR9L1_ACT_TORQUE,09_PR_Detailed,PR 상세 (토크+속도),N5,D20,STL,611,37.142857142857146,high_residual,1645,,,"seasonality=none, strength=0.015",trend_strength=0.873
PR6L1_ACT_SPD_MS,09_PR_Detailed,PR 상세 (토크+속도),N5,D20,STL,610,37.08206686930091,high_residual,1645,,,"seasonality=none, strength=0.000",trend_strength=0.961
PR6L2_ACT_SPD_MS,09_PR_Detailed,PR 상세 (토크+속도),N5,D20,STL,567,34.46808510638298,high_residual,1645,,,"seasonality=none, strength=0.000",trend_strength=0.963
PR7L1_ACT_SPD_MS,09_PR_Detailed,PR 상세 (토크+속도),N5,D20,STL,460,27.96352583586626,high_residual,1645,,,"seasonality=none, strength=0.000",trend_strength=0.961
PR7L2_ACT_SPD_MS,09_PR_Detailed,PR 상세 (토크+속도),N5,D20,STL,673,40.911854103343465,high_residual,1645,,,"seasonality=none, strength=0.009",trend_strength=0.956
PR8L1_ACT_SPD_MS,09_PR_Detailed,PR 상세 (토크+속도),N5,D20,STL,339,20.607902735562313,high_residual,1645,,,"seasonality=none, strength=0.009",trend_strength=0.989
PR9L1_ACT_SPD_MS,09_PR_Detailed,PR 상세 (토크+속도),N5,D20,STL,529,32.158054711246194,high_residual,1645,,,"seasonality=none, strength=0.000",trend_strength=0.993
PINCHROLL_2_ACTUAL_SPEED,08_Pinchroll,핀치롤,B5,D13,Mahalanobis,202,3.173107131636821,moderate_anomaly,6366,,,"mean_dist=2.52, max_dist=78.03",avg_corr=-0.008
PINCHROLL_3_ACTUAL_SPEED,08_Pinchroll,핀치롤,B5,D13,Mahalanobis,202,3.173107131636821,moderate_anomaly,6366,,,"mean_dist=2.52, max_dist=78.03",avg_corr=-0.008
PINCHROLL_4_ACTUAL_SPEED,08_Pinchroll,핀치롤,B5,D13,Mahalanobis,202,3.173107131636821,moderate_anomaly,6366,,,"mean_dist=2.52, max_dist=78.03",avg_corr=-0.008
PINCHROLL_2_ACTUAL_TORQUE,08_Pinchroll,핀치롤,B5,D13,Mahalanobis,202,3.173107131636821,moderate_anomaly,6366,,,"mean_dist=2.52, max_dist=78.03",avg_corr=-0.008
PINCHROLL_3_ACTUAL_TORQUE,08_Pinchroll,핀치롤,B5,D13,Mahalanobis,202,3.173107131636821,moderate_anomaly,6366,,,"mean_dist=2.52, max_dist=78.03",avg_corr=-0.008
PINCHROLL_4_ACTUAL_TORQUE,08_Pinchroll,핀치롤,B5,D13,Mahalanobis,202,3.173107131636821,moderate_anomaly,6366,,,"mean_dist=2.52, max_dist=78.03",avg_corr=-0.008
PINCHROLL_2_REFERENCE_TORQUE,08_Pinchroll,핀치롤,B5,D13,Mahalanobis,202,3.173107131636821,moderate_anomaly,6366,,,"mean_dist=2.52, max_dist=78.03",avg_corr=-0.008
PINCHROLL_3_REFERENCE_TORQUE,08_Pinchroll,핀치롤,B5,D13,Mahalanobis,202,3.173107131636821,moderate_anomaly,6366,,,"mean_dist=2.52, max_dist=78.03",avg_corr=-0.008
PINCHROLL_4_REFERENCE_TORQUE,08_Pinchroll,핀치롤,B5,D13,Mahalanobis,202,3.173107131636821,moderate_anomaly,6366,,,"mean_dist=2.52, max_dist=78.03",avg_corr=-0.008
PINCHROLL_3_REFERENCE_SPEED,08_Pinchroll,핀치롤,B5,D13,Mahalanobis,202,3.173107131636821,moderate_anomaly,6366,,,"mean_dist=2.52, max_dist=78.03",avg_corr=-0.008
PINCHROLL_4_REFERENCE_SPEED,08_Pinchroll,핀치롤,B5,D13,Mahalanobis,202,3.173107131636821,moderate_anomaly,6366,,,"mean_dist=2.52, max_dist=78.03",avg_corr=-0.008
PR6L1_ACT_TORQUE,09_PR_Detailed_L1,PR 상세 (토크+속도),B5,D13,Mahalanobis,41,3.1906614785992216,moderate_anomaly,1285,,,"mean_dist=2.43, max_dist=15.30",avg_corr=-0.027
PR7L1_ACT_TORQUE,09_PR_Detailed_L1,PR 상세 (토크+속도),B5,D13,Mahalanobis,41,3.1906614785992216,moderate_anomaly,1285,,,"mean_dist=2.43, max_dist=15.30",avg_corr=-0.027
PR8L1_ACT_TORQUE,09_PR_Detailed_L1,PR 상세 (토크+속도),B5,D13,Mahalanobis,41,3.1906614785992216,moderate_anomaly,1285,,,"mean_dist=2.43, max_dist=15.30",avg_corr=-0.027
PR9L1_ACT_TORQUE,09_PR_Detailed_L1,PR 상세 (토크+속도),B5,D13,Mahalanobis,41,3.1906614785992216,moderate_anomaly,1285,,,"mean_dist=2.43, max_dist=15.30",avg_corr=-0.027
PR6L1_ACT_SPD_MS,09_PR_Detailed_L1,PR 상세 (토크+속도),B5,D13,Mahalanobis,41,3.1906614785992216,moderate_anomaly,1285,,,"mean_dist=2.43, max_dist=15.30",avg_corr=-0.027
PR7L1_ACT_SPD_MS,09_PR_Detailed_L1,PR 상세 (토크+속도),B5,D13,Mahalanobis,41,3.1906614785992216,moderate_anomaly,1285,,,"mean_dist=2.43, max_dist=15.30",avg_corr=-0.027
PR8L1_ACT_SPD_MS,09_PR_Detailed_L1,PR 상세 (토크+속도),B5,D13,Mahalanobis,41,3.1906614785992216,moderate_anomaly,1285,,,"mean_dist=2.43, max_dist=15.30",avg_corr=-0.027
PR9L1_ACT_SPD_MS,09_PR_Detailed_L1,PR 상세 (토크+속도),B5,D13,Mahalanobis,41,3.1906614785992216,moderate_anomaly,1285,,,"mean_dist=2.43, max_dist=15.30",avg_corr=-0.027
PR6L2_ACT_TORQUE,09_PR_Detailed_L2,PR 상세 (토크+속도),B5,D13,Mahalanobis,3,0.0590434953749262,low_anomaly,5081,,,"mean_dist=1.66, max_dist=61.44",avg_corr=0.011
PR7L2_ACT_TORQUE,09_PR_Detailed_L2,PR 상세 (토크+속도),B5,D13,Mahalanobis,3,0.0590434953749262,low_anomaly,5081,,,"mean_dist=1.66, max_dist=61.44",avg_corr=0.011
PR6L2_ACT_SPD_MS,09_PR_Detailed_L2,PR 상세 (토크+속도),B5,D13,Mahalanobis,3,0.0590434953749262,low_anomaly,5081,,,"mean_dist=1.66, max_dist=61.44",avg_corr=0.011
PR7L2_ACT_SPD_MS,09_PR_Detailed_L2,PR 상세 (토크+속도),B5,D13,Mahalanobis,3,0.0590434953749262,low_anomaly,5081,,,"mean_dist=1.66, max_dist=61.44",avg_corr=0.011
PINCHROLL_2_ACTUAL_SPEED,08_Pinchroll,핀치롤,B5,D16,Mahalanobis,97,1.5667905023421094,low_anomaly,6191,,,"mean_dist=2.33, max_dist=48.60",avg_corr=-0.029
PINCHROLL_3_ACTUAL_SPEED,08_Pinchroll,핀치롤,B5,D16,Mahalanobis,97,1.5667905023421094,low_anomaly,6191,,,"mean_dist=2.33, max_dist=48.60",avg_corr=-0.029
PINCHROLL_4_ACTUAL_SPEED,08_Pinchroll,핀치롤,B5,D16,Mahalanobis,97,1.5667905023421094,low_anomaly,6191,,,"mean_dist=2.33, max_dist=48.60",avg_corr=-0.029
PINCHROLL_2_ACTUAL_TORQUE,08_Pinchroll,핀치롤,B5,D16,Mahalanobis,97,1.5667905023421094,low_anomaly,6191,,,"mean_dist=2.33, max_dist=48.60",avg_corr=-0.029
PINCHROLL_3_ACTUAL_TORQUE,08_Pinchroll,핀치롤,B5,D16,Mahalanobis,97,1.5667905023421094,low_anomaly,6191,,,"mean_dist=2.33, max_dist=48.60",avg_corr=-0.029
PINCHROLL_4_ACTUAL_TORQUE,08_Pinchroll,핀치롤,B5,D16,Mahalanobis,97,1.5667905023421094,low_anomaly,6191,,,"mean_dist=2.33, max_dist=48.60",avg_corr=-0.029
PINCHROLL_2_REFERENCE_TORQUE,08_Pinchroll,핀치롤,B5,D16,Mahalanobis,97,1.5667905023421094,low_anomaly,6191,,,"mean_dist=2.33, max_dist=48.60",avg_corr=-0.029
PINCHROLL_3_REFERENCE_TORQUE,08_Pinchroll,핀치롤,B5,D16,Mahalanobis,97,1.5667905023421094,low_anomaly,6191,,,"mean_dist=2.33, max_dist=48.60",avg_corr=-0.029
PINCHROLL_4_REFERENCE_TORQUE,08_Pinchroll,핀치롤,B5,D16,Mahalanobis,97,1.5667905023421094,low_anomaly,6191,,,"mean_dist=2.33, max_dist=48.60",avg_corr=-0.029
PINCHROLL_3_REFERENCE_SPEED,08_Pinchroll,핀치롤,B5,D16,Mahalanobis,97,1.5667905023421094,low_anomaly,6191,,,"mean_dist=2.33, max_dist=48.60",avg_corr=-0.029
PINCHROLL_4_REFERENCE_SPEED,08_Pinchroll,핀치롤,B5,D16,Mahalanobis,97,1.5667905023421094,low_anomaly,6191,,,"mean_dist=2.33, max_dist=48.60",avg_corr=-0.029
PR6L1_ACT_TORQUE,09_PR_Detailed_L1,PR 상세 (토크+속도),B5,D16,Mahalanobis,90,2.4423337856173677,low_anomaly,3685,,,"mean_dist=2.49, max_dist=16.84",avg_corr=-0.013
PR7L1_ACT_TORQUE,09_PR_Detailed_L1,PR 상세 (토크+속도),B5,D16,Mahalanobis,90,2.4423337856173677,low_anomaly,3685,,,"mean_dist=2.49, max_dist=16.84",avg_corr=-0.013
PR8L1_ACT_TORQUE,09_PR_Detailed_L1,PR 상세 (토크+속도),B5,D16,Mahalanobis,90,2.4423337856173677,low_anomaly,3685,,,"mean_dist=2.49, max_dist=16.84",avg_corr=-0.013
PR9L1_ACT_TORQUE,09_PR_Detailed_L1,PR 상세 (토크+속도),B5,D16,Mahalanobis,90,2.4423337856173677,low_anomaly,3685,,,"mean_dist=2.49, max_dist=16.84",avg_corr=-0.013
PR6L1_ACT_SPD_MS,09_PR_Detailed_L1,PR 상세 (토크+속도),B5,D16,Mahalanobis,90,2.4423337856173677,low_anomaly,3685,,,"mean_dist=2.49, max_dist=16.84",avg_corr=-0.013
PR7L1_ACT_SPD_MS,09_PR_Detailed_L1,PR 상세 (토크+속도),B5,D16,Mahalanobis,90,2.4423337856173677,low_anomaly,3685,,,"mean_dist=2.49, max_dist=16.84",avg_corr=-0.013
PR8L1_ACT_SPD_MS,09_PR_Detailed_L1,PR 상세 (토크+속도),B5,D16,Mahalanobis,90,2.4423337856173677,low_anomaly,3685,,,"mean_dist=2.49, max_dist=16.84",avg_corr=-0.013
PR9L1_ACT_SPD_MS,09_PR_Detailed_L1,PR 상세 (토크+속도),B5,D16,Mahalanobis,90,2.4423337856173677,low_anomaly,3685,,,"mean_dist=2.49, max_dist=16.84",avg_corr=-0.013
PR6L2_ACT_TORQUE,09_PR_Detailed_L2,PR 상세 (토크+속도),B5,D16,Mahalanobis,58,2.380952380952381,low_anomaly,2436,,,"mean_dist=1.66, max_dist=9.38",avg_corr=-0.326
PR7L2_ACT_TORQUE,09_PR_Detailed_L2,PR 상세 (토크+속도),B5,D16,Mahalanobis,58,2.380952380952381,low_anomaly,2436,,,"mean_dist=1.66, max_dist=9.38",avg_corr=-0.326
PR6L2_ACT_SPD_MS,09_PR_Detailed_L2,PR 상세 (토크+속도),B5,D16,Mahalanobis,58,2.380952380952381,low_anomaly,2436,,,"mean_dist=1.66, max_dist=9.38",avg_corr=-0.326
PR7L2_ACT_SPD_MS,09_PR_Detailed_L2,PR 상세 (토크+속도),B5,D16,Mahalanobis,58,2.380952380952381,low_anomaly,2436,,,"mean_dist=1.66, max_dist=9.38",avg_corr=-0.326
PINCHROLL_2_ACTUAL_SPEED,08_Pinchroll,핀치롤,D4,D10,Mahalanobis,663,5.497056628803581,moderate_anomaly,12061,,,"mean_dist=2.65, max_dist=63.49",avg_corr=0.038
PINCHROLL_3_ACTUAL_SPEED,08_Pinchroll,핀치롤,D4,D10,Mahalanobis,663,5.497056628803581,moderate_anomaly,12061,,,"mean_dist=2.65, max_dist=63.49",avg_corr=0.038
PINCHROLL_4_ACTUAL_SPEED,08_Pinchroll,핀치롤,D4,D10,Mahalanobis,663,5.497056628803581,moderate_anomaly,12061,,,"mean_dist=2.65, max_dist=63.49",avg_corr=0.038
PINCHROLL_2_ACTUAL_TORQUE,08_Pinchroll,핀치롤,D4,D10,Mahalanobis,663,5.497056628803581,moderate_anomaly,12061,,,"mean_dist=2.65, max_dist=63.49",avg_corr=0.038
PINCHROLL_3_ACTUAL_TORQUE,08_Pinchroll,핀치롤,D4,D10,Mahalanobis,663,5.497056628803581,moderate_anomaly,12061,,,"mean_dist=2.65, max_dist=63.49",avg_corr=0.038
PINCHROLL_4_ACTUAL_TORQUE,08_Pinchroll,핀치롤,D4,D10,Mahalanobis,663,5.497056628803581,moderate_anomaly,12061,,,"mean_dist=2.65, max_dist=63.49",avg_corr=0.038
PINCHROLL_2_REFERENCE_TORQUE,08_Pinchroll,핀치롤,D4,D10,Mahalanobis,663,5.497056628803581,moderate_anomaly,12061,,,"mean_dist=2.65, max_dist=63.49",avg_corr=0.038
PINCHROLL_3_REFERENCE_TORQUE,08_Pinchroll,핀치롤,D4,D10,Mahalanobis,663,5.497056628803581,moderate_anomaly,12061,,,"mean_dist=2.65, max_dist=63.49",avg_corr=0.038
PINCHROLL_4_REFERENCE_TORQUE,08_Pinchroll,핀치롤,D4,D10,Mahalanobis,663,5.497056628803581,moderate_anomaly,12061,,,"mean_dist=2.65, max_dist=63.49",avg_corr=0.038
PINCHROLL_3_REFERENCE_SPEED,08_Pinchroll,핀치롤,D4,D10,Mahalanobis,663,5.497056628803581,moderate_anomaly,12061,,,"mean_dist=2.65, max_dist=63.49",avg_corr=0.038
PINCHROLL_4_REFERENCE_SPEED,08_Pinchroll,핀치롤,D4,D10,Mahalanobis,663,5.497056628803581,moderate_anomaly,12061,,,"mean_dist=2.65, max_dist=63.49",avg_corr=0.038
PR6L1_ACT_TORQUE,09_PR_Detailed_L1,PR 상세 (토크+속도),D4,D10,Mahalanobis,104,4.1583366653338665,moderate_anomaly,2501,,,"mean_dist=2.22, max_dist=21.47",avg_corr=0.545
PR7L1_ACT_TORQUE,09_PR_Detailed_L1,PR 상세 (토크+속도),D4,D10,Mahalanobis,104,4.1583366653338665,moderate_anomaly,2501,,,"mean_dist=2.22, max_dist=21.47",avg_corr=0.545
PR8L1_ACT_TORQUE,09_PR_Detailed_L1,PR 상세 (토크+속도),D4,D10,Mahalanobis,104,4.1583366653338665,moderate_anomaly,2501,,,"mean_dist=2.22, max_dist=21.47",avg_corr=0.545
PR9L1_ACT_TORQUE,09_PR_Detailed_L1,PR 상세 (토크+속도),D4,D10,Mahalanobis,104,4.1583366653338665,moderate_anomaly,2501,,,"mean_dist=2.22, max_dist=21.47",avg_corr=0.545
PR6L1_ACT_SPD_MS,09_PR_Detailed_L1,PR 상세 (토크+속도),D4,D10,Mahalanobis,104,4.1583366653338665,moderate_anomaly,2501,,,"mean_dist=2.22, max_dist=21.47",avg_corr=0.545
PR7L1_ACT_SPD_MS,09_PR_Detailed_L1,PR 상세 (토크+속도),D4,D10,Mahalanobis,104,4.1583366653338665,moderate_anomaly,2501,,,"mean_dist=2.22, max_dist=21.47",avg_corr=0.545
PR8L1_ACT_SPD_MS,09_PR_Detailed_L1,PR 상세 (토크+속도),D4,D10,Mahalanobis,104,4.1583366653338665,moderate_anomaly,2501,,,"mean_dist=2.22, max_dist=21.47",avg_corr=0.545
PR9L1_ACT_SPD_MS,09_PR_Detailed_L1,PR 상세 (토크+속도),D4,D10,Mahalanobis,104,4.1583366653338665,moderate_anomaly,2501,,,"mean_dist=2.22, max_dist=21.47",avg_corr=0.545
PR6L2_ACT_TORQUE,09_PR_Detailed_L2,PR 상세 (토크+속도),D4,D10,Mahalanobis,163,1.705020920502092,low_anomaly,9560,,,"mean_dist=1.41, max_dist=34.17",avg_corr=0.899
PR7L2_ACT_TORQUE,09_PR_Detailed_L2,PR 상세 (토크+속도),D4,D10,Mahalanobis,163,1.705020920502092,low_anomaly,9560,,,"mean_dist=1.41, max_dist=34.17",avg_corr=0.899
PR6L2_ACT_SPD_MS,09_PR_Detailed_L2,PR 상세 (토크+속도),D4,D10,Mahalanobis,163,1.705020920502092,low_anomaly,9560,,,"mean_dist=1.41, max_dist=34.17",avg_corr=0.899
PR7L2_ACT_SPD_MS,09_PR_Detailed_L2,PR 상세 (토크+속도),D4,D10,Mahalanobis,163,1.705020920502092,low_anomaly,9560,,,"mean_dist=1.41, max_dist=34.17",avg_corr=0.899
PINCHROLL_2_ACTUAL_SPEED,08_Pinchroll,핀치롤,D4,D13,Mahalanobis,86,2.01310861423221,low_anomaly,4272,,,"mean_dist=2.62, max_dist=54.24",avg_corr=nan
PINCHROLL_3_ACTUAL_SPEED,08_Pinchroll,핀치롤,D4,D13,Mahalanobis,86,2.01310861423221,low_anomaly,4272,,,"mean_dist=2.62, max_dist=54.24",avg_corr=nan
PINCHROLL_4_ACTUAL_SPEED,08_Pinchroll,핀치롤,D4,D13,Mahalanobis,86,2.01310861423221,low_anomaly,4272,,,"mean_dist=2.62, max_dist=54.24",avg_corr=nan
PINCHROLL_2_ACTUAL_TORQUE,08_Pinchroll,핀치롤,D4,D13,Mahalanobis,86,2.01310861423221,low_anomaly,4272,,,"mean_dist=2.62, max_dist=54.24",avg_corr=nan
PINCHROLL_3_ACTUAL_TORQUE,08_Pinchroll,핀치롤,D4,D13,Mahalanobis,86,2.01310861423221,low_anomaly,4272,,,"mean_dist=2.62, max_dist=54.24",avg_corr=nan
PINCHROLL_4_ACTUAL_TORQUE,08_Pinchroll,핀치롤,D4,D13,Mahalanobis,86,2.01310861423221,low_anomaly,4272,,,"mean_dist=2.62, max_dist=54.24",avg_corr=nan
PINCHROLL_2_REFERENCE_TORQUE,08_Pinchroll,핀치롤,D4,D13,Mahalanobis,86,2.01310861423221,low_anomaly,4272,,,"mean_dist=2.62, max_dist=54.24",avg_corr=nan
PINCHROLL_3_REFERENCE_TORQUE,08_Pinchroll,핀치롤,D4,D13,Mahalanobis,86,2.01310861423221,low_anomaly,4272,,,"mean_dist=2.62, max_dist=54.24",avg_corr=nan
PINCHROLL_4_REFERENCE_TORQUE,08_Pinchroll,핀치롤,D4,D13,Mahalanobis,86,2.01310861423221,low_anomaly,4272,,,"mean_dist=2.62, max_dist=54.24",avg_corr=nan
PINCHROLL_3_REFERENCE_SPEED,08_Pinchroll,핀치롤,D4,D13,Mahalanobis,86,2.01310861423221,low_anomaly,4272,,,"mean_dist=2.62, max_dist=54.24",avg_corr=nan
PINCHROLL_4_REFERENCE_SPEED,08_Pinchroll,핀치롤,D4,D13,Mahalanobis,86,2.01310861423221,low_anomaly,4272,,,"mean_dist=2.62, max_dist=54.24",avg_corr=nan
PR6L1_ACT_TORQUE,09_PR_Detailed_L1,PR 상세 (토크+속도),D4,D13,Mahalanobis,112,3.7672384796501848,moderate_anomaly,2973,,,"mean_dist=2.39, max_dist=37.24",avg_corr=0.362
PR7L1_ACT_TORQUE,09_PR_Detailed_L1,PR 상세 (토크+속도),D4,D13,Mahalanobis,112,3.7672384796501848,moderate_anomaly,2973,,,"mean_dist=2.39, max_dist=37.24",avg_corr=0.362
PR8L1_ACT_TORQUE,09_PR_Detailed_L1,PR 상세 (토크+속도),D4,D13,Mahalanobis,112,3.7672384796501848,moderate_anomaly,2973,,,"mean_dist=2.39, max_dist=37.24",avg_corr=0.362
PR9L1_ACT_TORQUE,09_PR_Detailed_L1,PR 상세 (토크+속도),D4,D13,Mahalanobis,112,3.7672384796501848,moderate_anomaly,2973,,,"mean_dist=2.39, max_dist=37.24",avg_corr=0.362
PR6L1_ACT_SPD_MS,09_PR_Detailed_L1,PR 상세 (토크+속도),D4,D13,Mahalanobis,112,3.7672384796501848,moderate_anomaly,2973,,,"mean_dist=2.39, max_dist=37.24",avg_corr=0.362
PR7L1_ACT_SPD_MS,09_PR_Detailed_L1,PR 상세 (토크+속도),D4,D13,Mahalanobis,112,3.7672384796501848,moderate_anomaly,2973,,,"mean_dist=2.39, max_dist=37.24",avg_corr=0.362
PR8L1_ACT_SPD_MS,09_PR_Detailed_L1,PR 상세 (토크+속도),D4,D13,Mahalanobis,112,3.7672384796501848,moderate_anomaly,2973,,,"mean_dist=2.39, max_dist=37.24",avg_corr=0.362
PR9L1_ACT_SPD_MS,09_PR_Detailed_L1,PR 상세 (토크+속도),D4,D13,Mahalanobis,112,3.7672384796501848,moderate_anomaly,2973,,,"mean_dist=2.39, max_dist=37.24",avg_corr=0.362
PR6L2_ACT_TORQUE,09_PR_Detailed_L2,PR 상세 (토크+속도),D4,D13,Mahalanobis,29,2.321857485988791,low_anomaly,1249,,,"mean_dist=1.65, max_dist=5.86",avg_corr=0.859
PR7L2_ACT_TORQUE,09_PR_Detailed_L2,PR 상세 (토크+속도),D4,D13,Mahalanobis,29,2.321857485988791,low_anomaly,1249,,,"mean_dist=1.65, max_dist=5.86",avg_corr=0.859
PR6L2_ACT_SPD_MS,09_PR_Detailed_L2,PR 상세 (토크+속도),D4,D13,Mahalanobis,29,2.321857485988791,low_anomaly,1249,,,"mean_dist=1.65, max_dist=5.86",avg_corr=0.859
PR7L2_ACT_SPD_MS,09_PR_Detailed_L2,PR 상세 (토크+속도),D4,D13,Mahalanobis,29,2.321857485988791,low_anomaly,1249,,,"mean_dist=1.65, max_dist=5.86",avg_corr=0.859
PINCHROLL_2_ACTUAL_SPEED,08_Pinchroll,핀치롤,D5,D10,Mahalanobis,2080,4.48198586450612,moderate_anomaly,46408,,,"mean_dist=2.55, max_dist=46.69",avg_corr=0.019
PINCHROLL_3_ACTUAL_SPEED,08_Pinchroll,핀치롤,D5,D10,Mahalanobis,2080,4.48198586450612,moderate_anomaly,46408,,,"mean_dist=2.55, max_dist=46.69",avg_corr=0.019
PINCHROLL_4_ACTUAL_SPEED,08_Pinchroll,핀치롤,D5,D10,Mahalanobis,2080,4.48198586450612,moderate_anomaly,46408,,,"mean_dist=2.55, max_dist=46.69",avg_corr=0.019
PINCHROLL_2_ACTUAL_TORQUE,08_Pinchroll,핀치롤,D5,D10,Mahalanobis,2080,4.48198586450612,moderate_anomaly,46408,,,"mean_dist=2.55, max_dist=46.69",avg_corr=0.019
PINCHROLL_3_ACTUAL_TORQUE,08_Pinchroll,핀치롤,D5,D10,Mahalanobis,2080,4.48198586450612,moderate_anomaly,46408,,,"mean_dist=2.55, max_dist=46.69",avg_corr=0.019
PINCHROLL_4_ACTUAL_TORQUE,08_Pinchroll,핀치롤,D5,D10,Mahalanobis,2080,4.48198586450612,moderate_anomaly,46408,,,"mean_dist=2.55, max_dist=46.69",avg_corr=0.019
PINCHROLL_2_REFERENCE_TORQUE,08_Pinchroll,핀치롤,D5,D10,Mahalanobis,2080,4.48198586450612,moderate_anomaly,46408,,,"mean_dist=2.55, max_dist=46.69",avg_corr=0.019
PINCHROLL_3_REFERENCE_TORQUE,08_Pinchroll,핀치롤,D5,D10,Mahalanobis,2080,4.48198586450612,moderate_anomaly,46408,,,"mean_dist=2.55, max_dist=46.69",avg_corr=0.019
PINCHROLL_4_REFERENCE_TORQUE,08_Pinchroll,핀치롤,D5,D10,Mahalanobis,2080,4.48198586450612,moderate_anomaly,46408,,,"mean_dist=2.55, max_dist=46.69",avg_corr=0.019
PINCHROLL_3_REFERENCE_SPEED,08_Pinchroll,핀치롤,D5,D10,Mahalanobis,2080,4.48198586450612,moderate_anomaly,46408,,,"mean_dist=2.55, max_dist=46.69",avg_corr=0.019
PINCHROLL_4_REFERENCE_SPEED,08_Pinchroll,핀치롤,D5,D10,Mahalanobis,2080,4.48198586450612,moderate_anomaly,46408,,,"mean_dist=2.55, max_dist=46.69",avg_corr=0.019
PR6L1_ACT_TORQUE,09_PR_Detailed_L1,PR 상세 (토크+속도),D5,D10,Mahalanobis,638,3.2729697840250345,moderate_anomaly,19493,,,"mean_dist=2.23, max_dist=57.76",avg_corr=0.411
PR7L1_ACT_TORQUE,09_PR_Detailed_L1,PR 상세 (토크+속도),D5,D10,Mahalanobis,638,3.2729697840250345,moderate_anomaly,19493,,,"mean_dist=2.23, max_dist=57.76",avg_corr=0.411
PR8L1_ACT_TORQUE,09_PR_Detailed_L1,PR 상세 (토크+속도),D5,D10,Mahalanobis,638,3.2729697840250345,moderate_anomaly,19493,,,"mean_dist=2.23, max_dist=57.76",avg_corr=0.411
PR9L1_ACT_TORQUE,09_PR_Detailed_L1,PR 상세 (토크+속도),D5,D10,Mahalanobis,638,3.2729697840250345,moderate_anomaly,19493,,,"mean_dist=2.23, max_dist=57.76",avg_corr=0.411
PR6L1_ACT_SPD_MS,09_PR_Detailed_L1,PR 상세 (토크+속도),D5,D10,Mahalanobis,638,3.2729697840250345,moderate_anomaly,19493,,,"mean_dist=2.23, max_dist=57.76",avg_corr=0.411
PR7L1_ACT_SPD_MS,09_PR_Detailed_L1,PR 상세 (토크+속도),D5,D10,Mahalanobis,638,3.2729697840250345,moderate_anomaly,19493,,,"mean_dist=2.23, max_dist=57.76",avg_corr=0.411
PR8L1_ACT_SPD_MS,09_PR_Detailed_L1,PR 상세 (토크+속도),D5,D10,Mahalanobis,638,3.2729697840250345,moderate_anomaly,19493,,,"mean_dist=2.23, max_dist=57.76",avg_corr=0.411
PR9L1_ACT_SPD_MS,09_PR_Detailed_L1,PR 상세 (토크+속도),D5,D10,Mahalanobis,638,3.2729697840250345,moderate_anomaly,19493,,,"mean_dist=2.23, max_dist=57.76",avg_corr=0.411
PR6L2_ACT_TORQUE,09_PR_Detailed_L2,PR 상세 (토크+속도),D5,D10,Mahalanobis,737,2.8062292959677113,low_anomaly,26263,,,"mean_dist=1.40, max_dist=31.29",avg_corr=0.617
PR7L2_ACT_TORQUE,09_PR_Detailed_L2,PR 상세 (토크+속도),D5,D10,Mahalanobis,737,2.8062292959677113,low_anomaly,26263,,,"mean_dist=1.40, max_dist=31.29",avg_corr=0.617
PR6L2_ACT_SPD_MS,09_PR_Detailed_L2,PR 상세 (토크+속도),D5,D10,Mahalanobis,737,2.8062292959677113,low_anomaly,26263,,,"mean_dist=1.40, max_dist=31.29",avg_corr=0.617
PR7L2_ACT_SPD_MS,09_PR_Detailed_L2,PR 상세 (토크+속도),D5,D10,Mahalanobis,737,2.8062292959677113,low_anomaly,26263,,,"mean_dist=1.40, max_dist=31.29",avg_corr=0.617
PINCHROLL_2_ACTUAL_SPEED,08_Pinchroll,핀치롤,D5,D13,Mahalanobis,403,4.157210645760264,moderate_anomaly,9694,,,"mean_dist=2.38, max_dist=45.07",avg_corr=0.009
PINCHROLL_3_ACTUAL_SPEED,08_Pinchroll,핀치롤,D5,D13,Mahalanobis,403,4.157210645760264,moderate_anomaly,9694,,,"mean_dist=2.38, max_dist=45.07",avg_corr=0.009
PINCHROLL_4_ACTUAL_SPEED,08_Pinchroll,핀치롤,D5,D13,Mahalanobis,403,4.157210645760264,moderate_anomaly,9694,,,"mean_dist=2.38, max_dist=45.07",avg_corr=0.009
PINCHROLL_2_ACTUAL_TORQUE,08_Pinchroll,핀치롤,D5,D13,Mahalanobis,403,4.157210645760264,moderate_anomaly,9694,,,"mean_dist=2.38, max_dist=45.07",avg_corr=0.009
PINCHROLL_3_ACTUAL_TORQUE,08_Pinchroll,핀치롤,D5,D13,Mahalanobis,403,4.157210645760264,moderate_anomaly,9694,,,"mean_dist=2.38, max_dist=45.07",avg_corr=0.009
PINCHROLL_4_ACTUAL_TORQUE,08_Pinchroll,핀치롤,D5,D13,Mahalanobis,403,4.157210645760264,moderate_anomaly,9694,,,"mean_dist=2.38, max_dist=45.07",avg_corr=0.009
PINCHROLL_2_REFERENCE_TORQUE,08_Pinchroll,핀치롤,D5,D13,Mahalanobis,403,4.157210645760264,moderate_anomaly,9694,,,"mean_dist=2.38, max_dist=45.07",avg_corr=0.009
PINCHROLL_3_REFERENCE_TORQUE,08_Pinchroll,핀치롤,D5,D13,Mahalanobis,403,4.157210645760264,moderate_anomaly,9694,,,"mean_dist=2.38, max_dist=45.07",avg_corr=0.009
PINCHROLL_4_REFERENCE_TORQUE,08_Pinchroll,핀치롤,D5,D13,Mahalanobis,403,4.157210645760264,moderate_anomaly,9694,,,"mean_dist=2.38, max_dist=45.07",avg_corr=0.009
PINCHROLL_3_REFERENCE_SPEED,08_Pinchroll,핀치롤,D5,D13,Mahalanobis,403,4.157210645760264,moderate_anomaly,9694,,,"mean_dist=2.38, max_dist=45.07",avg_corr=0.009
PINCHROLL_4_REFERENCE_SPEED,08_Pinchroll,핀치롤,D5,D13,Mahalanobis,403,4.157210645760264,moderate_anomaly,9694,,,"mean_dist=2.38, max_dist=45.07",avg_corr=0.009
PR6L1_ACT_TORQUE,09_PR_Detailed_L1,PR 상세 (토크+속도),D5,D13,Mahalanobis,94,2.753368482718219,low_anomaly,3414,,,"mean_dist=2.22, max_dist=57.85",avg_corr=-0.013
PR7L1_ACT_TORQUE,09_PR_Detailed_L1,PR 상세 (토크+속도),D5,D13,Mahalanobis,94,2.753368482718219,low_anomaly,3414,,,"mean_dist=2.22, max_dist=57.85",avg_corr=-0.013
PR8L1_ACT_TORQUE,09_PR_Detailed_L1,PR 상세 (토크+속도),D5,D13,Mahalanobis,94,2.753368482718219,low_anomaly,3414,,,"mean_dist=2.22, max_dist=57.85",avg_corr=-0.013
PR9L1_ACT_TORQUE,09_PR_Detailed_L1,PR 상세 (토크+속도),D5,D13,Mahalanobis,94,2.753368482718219,low_anomaly,3414,,,"mean_dist=2.22, max_dist=57.85",avg_corr=-0.013
PR6L1_ACT_SPD_MS,09_PR_Detailed_L1,PR 상세 (토크+속도),D5,D13,Mahalanobis,94,2.753368482718219,low_anomaly,3414,,,"mean_dist=2.22, max_dist=57.85",avg_corr=-0.013
PR7L1_ACT_SPD_MS,09_PR_Detailed_L1,PR 상세 (토크+속도),D5,D13,Mahalanobis,94,2.753368482718219,low_anomaly,3414,,,"mean_dist=2.22, max_dist=57.85",avg_corr=-0.013
PR8L1_ACT_SPD_MS,09_PR_Detailed_L1,PR 상세 (토크+속도),D5,D13,Mahalanobis,94,2.753368482718219,low_anomaly,3414,,,"mean_dist=2.22, max_dist=57.85",avg_corr=-0.013
PR9L1_ACT_SPD_MS,09_PR_Detailed_L1,PR 상세 (토크+속도),D5,D13,Mahalanobis,94,2.753368482718219,low_anomaly,3414,,,"mean_dist=2.22, max_dist=57.85",avg_corr=-0.013
PR6L2_ACT_TORQUE,09_PR_Detailed_L2,PR 상세 (토크+속도),D5,D13,Mahalanobis,216,3.5614179719703216,moderate_anomaly,6065,,,"mean_dist=1.50, max_dist=21.97",avg_corr=0.099
PR7L2_ACT_TORQUE,09_PR_Detailed_L2,PR 상세 (토크+속도),D5,D13,Mahalanobis,216,3.5614179719703216,moderate_anomaly,6065,,,"mean_dist=1.50, max_dist=21.97",avg_corr=0.099
PR6L2_ACT_SPD_MS,09_PR_Detailed_L2,PR 상세 (토크+속도),D5,D13,Mahalanobis,216,3.5614179719703216,moderate_anomaly,6065,,,"mean_dist=1.50, max_dist=21.97",avg_corr=0.099
PR7L2_ACT_SPD_MS,09_PR_Detailed_L2,PR 상세 (토크+속도),D5,D13,Mahalanobis,216,3.5614179719703216,moderate_anomaly,6065,,,"mean_dist=1.50, max_dist=21.97",avg_corr=0.099
PINCHROLL_2_ACTUAL_SPEED,08_Pinchroll,핀치롤,N5,D10,Mahalanobis,1264,6.866206746699984,moderate_anomaly,18409,,,"mean_dist=2.78, max_dist=28.49",avg_corr=0.069
PINCHROLL_3_ACTUAL_SPEED,08_Pinchroll,핀치롤,N5,D10,Mahalanobis,1264,6.866206746699984,moderate_anomaly,18409,,,"mean_dist=2.78, max_dist=28.49",avg_corr=0.069
PINCHROLL_4_ACTUAL_SPEED,08_Pinchroll,핀치롤,N5,D10,Mahalanobis,1264,6.866206746699984,moderate_anomaly,18409,,,"mean_dist=2.78, max_dist=28.49",avg_corr=0.069
PINCHROLL_2_ACTUAL_TORQUE,08_Pinchroll,핀치롤,N5,D10,Mahalanobis,1264,6.866206746699984,moderate_anomaly,18409,,,"mean_dist=2.78, max_dist=28.49",avg_corr=0.069
PINCHROLL_3_ACTUAL_TORQUE,08_Pinchroll,핀치롤,N5,D10,Mahalanobis,1264,6.866206746699984,moderate_anomaly,18409,,,"mean_dist=2.78, max_dist=28.49",avg_corr=0.069
PINCHROLL_4_ACTUAL_TORQUE,08_Pinchroll,핀치롤,N5,D10,Mahalanobis,1264,6.866206746699984,moderate_anomaly,18409,,,"mean_dist=2.78, max_dist=28.49",avg_corr=0.069
PINCHROLL_2_REFERENCE_TORQUE,08_Pinchroll,핀치롤,N5,D10,Mahalanobis,1264,6.866206746699984,moderate_anomaly,18409,,,"mean_dist=2.78, max_dist=28.49",avg_corr=0.069
PINCHROLL_3_REFERENCE_TORQUE,08_Pinchroll,핀치롤,N5,D10,Mahalanobis,1264,6.866206746699984,moderate_anomaly,18409,,,"mean_dist=2.78, max_dist=28.49",avg_corr=0.069
PINCHROLL_4_REFERENCE_TORQUE,08_Pinchroll,핀치롤,N5,D10,Mahalanobis,1264,6.866206746699984,moderate_anomaly,18409,,,"mean_dist=2.78, max_dist=28.49",avg_corr=0.069
PINCHROLL_3_REFERENCE_SPEED,08_Pinchroll,핀치롤,N5,D10,Mahalanobis,1264,6.866206746699984,moderate_anomaly,18409,,,"mean_dist=2.78, max_dist=28.49",avg_corr=0.069
PINCHROLL_4_REFERENCE_SPEED,08_Pinchroll,핀치롤,N5,D10,Mahalanobis,1264,6.866206746699984,moderate_anomaly,18409,,,"mean_dist=2.78, max_dist=28.49",avg_corr=0.069
PR6L1_ACT_TORQUE,09_PR_Detailed_L1,PR 상세 (토크+속도),N5,D10,Mahalanobis,436,7.238917482981903,moderate_anomaly,6023,,,"mean_dist=2.29, max_dist=33.69",avg_corr=0.331
PR7L1_ACT_TORQUE,09_PR_Detailed_L1,PR 상세 (토크+속도),N5,D10,Mahalanobis,436,7.238917482981903,moderate_anomaly,6023,,,"mean_dist=2.29, max_dist=33.69",avg_corr=0.331
PR8L1_ACT_TORQUE,09_PR_Detailed_L1,PR 상세 (토크+속도),N5,D10,Mahalanobis,436,7.238917482981903,moderate_anomaly,6023,,,"mean_dist=2.29, max_dist=33.69",avg_corr=0.331
PR9L1_ACT_TORQUE,09_PR_Detailed_L1,PR 상세 (토크+속도),N5,D10,Mahalanobis,436,7.238917482981903,moderate_anomaly,6023,,,"mean_dist=2.29, max_dist=33.69",avg_corr=0.331
PR6L1_ACT_SPD_MS,09_PR_Detailed_L1,PR 상세 (토크+속도),N5,D10,Mahalanobis,436,7.238917482981903,moderate_anomaly,6023,,,"mean_dist=2.29, max_dist=33.69",avg_corr=0.331
PR7L1_ACT_SPD_MS,09_PR_Detailed_L1,PR 상세 (토크+속도),N5,D10,Mahalanobis,436,7.238917482981903,moderate_anomaly,6023,,,"mean_dist=2.29, max_dist=33.69",avg_corr=0.331
PR8L1_ACT_SPD_MS,09_PR_Detailed_L1,PR 상세 (토크+속도),N5,D10,Mahalanobis,436,7.238917482981903,moderate_anomaly,6023,,,"mean_dist=2.29, max_dist=33.69",avg_corr=0.331
PR9L1_ACT_SPD_MS,09_PR_Detailed_L1,PR 상세 (토크+속도),N5,D10,Mahalanobis,436,7.238917482981903,moderate_anomaly,6023,,,"mean_dist=2.29, max_dist=33.69",avg_corr=0.331
PR6L2_ACT_TORQUE,09_PR_Detailed_L2,PR 상세 (토크+속도),N5,D10,Mahalanobis,163,1.3487794786925942,low_anomaly,12085,,,"mean_dist=1.41, max_dist=27.00",avg_corr=0.863
PR7L2_ACT_TORQUE,09_PR_Detailed_L2,PR 상세 (토크+속도),N5,D10,Mahalanobis,163,1.3487794786925942,low_anomaly,12085,,,"mean_dist=1.41, max_dist=27.00",avg_corr=0.863
PR6L2_ACT_SPD_MS,09_PR_Detailed_L2,PR 상세 (토크+속도),N5,D10,Mahalanobis,163,1.3487794786925942,low_anomaly,12085,,,"mean_dist=1.41, max_dist=27.00",avg_corr=0.863
PR7L2_ACT_SPD_MS,09_PR_Detailed_L2,PR 상세 (토크+속도),N5,D10,Mahalanobis,163,1.3487794786925942,low_anomaly,12085,,,"mean_dist=1.41, max_dist=27.00",avg_corr=0.863
PINCHROLL_2_ACTUAL_SPEED,08_Pinchroll,핀치롤,N5,D12,Mahalanobis,4386,8.39699040836253,moderate_anomaly,52233,,,"mean_dist=2.38, max_dist=43.35",avg_corr=0.070
PINCHROLL_3_ACTUAL_SPEED,08_Pinchroll,핀치롤,N5,D12,Mahalanobis,4386,8.39699040836253,moderate_anomaly,52233,,,"mean_dist=2.38, max_dist=43.35",avg_corr=0.070
PINCHROLL_4_ACTUAL_SPEED,08_Pinchroll,핀치롤,N5,D12,Mahalanobis,4386,8.39699040836253,moderate_anomaly,52233,,,"mean_dist=2.38, max_dist=43.35",avg_corr=0.070
PINCHROLL_2_ACTUAL_TORQUE,08_Pinchroll,핀치롤,N5,D12,Mahalanobis,4386,8.39699040836253,moderate_anomaly,52233,,,"mean_dist=2.38, max_dist=43.35",avg_corr=0.070
PINCHROLL_3_ACTUAL_TORQUE,08_Pinchroll,핀치롤,N5,D12,Mahalanobis,4386,8.39699040836253,moderate_anomaly,52233,,,"mean_dist=2.38, max_dist=43.35",avg_corr=0.070
PINCHROLL_4_ACTUAL_TORQUE,08_Pinchroll,핀치롤,N5,D12,Mahalanobis,4386,8.39699040836253,moderate_anomaly,52233,,,"mean_dist=2.38, max_dist=43.35",avg_corr=0.070
PINCHROLL_2_REFERENCE_TORQUE,08_Pinchroll,핀치롤,N5,D12,Mahalanobis,4386,8.39699040836253,moderate_anomaly,52233,,,"mean_dist=2.38, max_dist=43.35",avg_corr=0.070
PINCHROLL_3_REFERENCE_TORQUE,08_Pinchroll,핀치롤,N5,D12,Mahalanobis,4386,8.39699040836253,moderate_anomaly,52233,,,"mean_dist=2.38, max_dist=43.35",avg_corr=0.070
PINCHROLL_4_REFERENCE_TORQUE,08_Pinchroll,핀치롤,N5,D12,Mahalanobis,4386,8.39699040836253,moderate_anomaly,52233,,,"mean_dist=2.38, max_dist=43.35",avg_corr=0.070
PINCHROLL_3_REFERENCE_SPEED,08_Pinchroll,핀치롤,N5,D12,Mahalanobis,4386,8.39699040836253,moderate_anomaly,52233,,,"mean_dist=2.38, max_dist=43.35",avg_corr=0.070
PINCHROLL_4_REFERENCE_SPEED,08_Pinchroll,핀치롤,N5,D12,Mahalanobis,4386,8.39699040836253,moderate_anomaly,52233,,,"mean_dist=2.38, max_dist=43.35",avg_corr=0.070
PR6L1_ACT_TORQUE,09_PR_Detailed_L1,PR 상세 (토크+속도),N5,D12,Mahalanobis,680,3.712398318501938,moderate_anomaly,18317,,,"mean_dist=2.12, max_dist=28.32",avg_corr=0.243
PR7L1_ACT_TORQUE,09_PR_Detailed_L1,PR 상세 (토크+속도),N5,D12,Mahalanobis,680,3.712398318501938,moderate_anomaly,18317,,,"mean_dist=2.12, max_dist=28.32",avg_corr=0.243
PR8L1_ACT_TORQUE,09_PR_Detailed_L1,PR 상세 (토크+속도),N5,D12,Mahalanobis,680,3.712398318501938,moderate_anomaly,18317,,,"mean_dist=2.12, max_dist=28.32",avg_corr=0.243
PR9L1_ACT_TORQUE,09_PR_Detailed_L1,PR 상세 (토크+속도),N5,D12,Mahalanobis,680,3.712398318501938,moderate_anomaly,18317,,,"mean_dist=2.12, max_dist=28.32",avg_corr=0.243
PR6L1_ACT_SPD_MS,09_PR_Detailed_L1,PR 상세 (토크+속도),N5,D12,Mahalanobis,680,3.712398318501938,moderate_anomaly,18317,,,"mean_dist=2.12, max_dist=28.32",avg_corr=0.243
PR7L1_ACT_SPD_MS,09_PR_Detailed_L1,PR 상세 (토크+속도),N5,D12,Mahalanobis,680,3.712398318501938,moderate_anomaly,18317,,,"mean_dist=2.12, max_dist=28.32",avg_corr=0.243
PR8L1_ACT_SPD_MS,09_PR_Detailed_L1,PR 상세 (토크+속도),N5,D12,Mahalanobis,680,3.712398318501938,moderate_anomaly,18317,,,"mean_dist=2.12, max_dist=28.32",avg_corr=0.243
PR9L1_ACT_SPD_MS,09_PR_Detailed_L1,PR 상세 (토크+속도),N5,D12,Mahalanobis,680,3.712398318501938,moderate_anomaly,18317,,,"mean_dist=2.12, max_dist=28.32",avg_corr=0.243
PR6L2_ACT_TORQUE,09_PR_Detailed_L2,PR 상세 (토크+속도),N5,D12,Mahalanobis,2480,7.5065076578485375,moderate_anomaly,33038,,,"mean_dist=1.04, max_dist=61.30",avg_corr=0.334
PR7L2_ACT_TORQUE,09_PR_Detailed_L2,PR 상세 (토크+속도),N5,D12,Mahalanobis,2480,7.5065076578485375,moderate_anomaly,33038,,,"mean_dist=1.04, max_dist=61.30",avg_corr=0.334
PR6L2_ACT_SPD_MS,09_PR_Detailed_L2,PR 상세 (토크+속도),N5,D12,Mahalanobis,2480,7.5065076578485375,moderate_anomaly,33038,,,"mean_dist=1.04, max_dist=61.30",avg_corr=0.334
PR7L2_ACT_SPD_MS,09_PR_Detailed_L2,PR 상세 (토크+속도),N5,D12,Mahalanobis,2480,7.5065076578485375,moderate_anomaly,33038,,,"mean_dist=1.04, max_dist=61.30",avg_corr=0.334
PINCHROLL_2_ACTUAL_SPEED,08_Pinchroll,핀치롤,N5,D16,Mahalanobis,2713,9.049969977983855,moderate_anomaly,29978,,,"mean_dist=2.12, max_dist=106.24",avg_corr=0.064
PINCHROLL_3_ACTUAL_SPEED,08_Pinchroll,핀치롤,N5,D16,Mahalanobis,2713,9.049969977983855,moderate_anomaly,29978,,,"mean_dist=2.12, max_dist=106.24",avg_corr=0.064
PINCHROLL_4_ACTUAL_SPEED,08_Pinchroll,핀치롤,N5,D16,Mahalanobis,2713,9.049969977983855,moderate_anomaly,29978,,,"mean_dist=2.12, max_dist=106.24",avg_corr=0.064
PINCHROLL_2_ACTUAL_TORQUE,08_Pinchroll,핀치롤,N5,D16,Mahalanobis,2713,9.049969977983855,moderate_anomaly,29978,,,"mean_dist=2.12, max_dist=106.24",avg_corr=0.064
PINCHROLL_3_ACTUAL_TORQUE,08_Pinchroll,핀치롤,N5,D16,Mahalanobis,2713,9.049969977983855,moderate_anomaly,29978,,,"mean_dist=2.12, max_dist=106.24",avg_corr=0.064
PINCHROLL_4_ACTUAL_TORQUE,08_Pinchroll,핀치롤,N5,D16,Mahalanobis,2713,9.049969977983855,moderate_anomaly,29978,,,"mean_dist=2.12, max_dist=106.24",avg_corr=0.064
PINCHROLL_2_REFERENCE_TORQUE,08_Pinchroll,핀치롤,N5,D16,Mahalanobis,2713,9.049969977983855,moderate_anomaly,29978,,,"mean_dist=2.12, max_dist=106.24",avg_corr=0.064
PINCHROLL_3_REFERENCE_TORQUE,08_Pinchroll,핀치롤,N5,D16,Mahalanobis,2713,9.049969977983855,moderate_anomaly,29978,,,"mean_dist=2.12, max_dist=106.24",avg_corr=0.064
PINCHROLL_4_REFERENCE_TORQUE,08_Pinchroll,핀치롤,N5,D16,Mahalanobis,2713,9.049969977983855,moderate_anomaly,29978,,,"mean_dist=2.12, max_dist=106.24",avg_corr=0.064
PINCHROLL_3_REFERENCE_SPEED,08_Pinchroll,핀치롤,N5,D16,Mahalanobis,2713,9.049969977983855,moderate_anomaly,29978,,,"mean_dist=2.12, max_dist=106.24",avg_corr=0.064
PINCHROLL_4_REFERENCE_SPEED,08_Pinchroll,핀치롤,N5,D16,Mahalanobis,2713,9.049969977983855,moderate_anomaly,29978,,,"mean_dist=2.12, max_dist=106.24",avg_corr=0.064
PR6L1_ACT_TORQUE,09_PR_Detailed_L1,PR 상세 (토크+속도),N5,D16,Mahalanobis,749,3.6900187210562616,moderate_anomaly,20298,,,"mean_dist=2.23, max_dist=37.89",avg_corr=0.282
PR7L1_ACT_TORQUE,09_PR_Detailed_L1,PR 상세 (토크+속도),N5,D16,Mahalanobis,749,3.6900187210562616,moderate_anomaly,20298,,,"mean_dist=2.23, max_dist=37.89",avg_corr=0.282
PR8L1_ACT_TORQUE,09_PR_Detailed_L1,PR 상세 (토크+속도),N5,D16,Mahalanobis,749,3.6900187210562616,moderate_anomaly,20298,,,"mean_dist=2.23, max_dist=37.89",avg_corr=0.282
PR9L1_ACT_TORQUE,09_PR_Detailed_L1,PR 상세 (토크+속도),N5,D16,Mahalanobis,749,3.6900187210562616,moderate_anomaly,20298,,,"mean_dist=2.23, max_dist=37.89",avg_corr=0.282
PR6L1_ACT_SPD_MS,09_PR_Detailed_L1,PR 상세 (토크+속도),N5,D16,Mahalanobis,749,3.6900187210562616,moderate_anomaly,20298,,,"mean_dist=2.23, max_dist=37.89",avg_corr=0.282
PR7L1_ACT_SPD_MS,09_PR_Detailed_L1,PR 상세 (토크+속도),N5,D16,Mahalanobis,749,3.6900187210562616,moderate_anomaly,20298,,,"mean_dist=2.23, max_dist=37.89",avg_corr=0.282
PR8L1_ACT_SPD_MS,09_PR_Detailed_L1,PR 상세 (토크+속도),N5,D16,Mahalanobis,749,3.6900187210562616,moderate_anomaly,20298,,,"mean_dist=2.23, max_dist=37.89",avg_corr=0.282
PR9L1_ACT_SPD_MS,09_PR_Detailed_L1,PR 상세 (토크+속도),N5,D16,Mahalanobis,749,3.6900187210562616,moderate_anomaly,20298,,,"mean_dist=2.23, max_dist=37.89",avg_corr=0.282
PR6L2_ACT_TORQUE,09_PR_Detailed_L2,PR 상세 (토크+속도),N5,D16,Mahalanobis,324,3.3721898417985017,moderate_anomaly,9608,,,"mean_dist=1.30, max_dist=11.76",avg_corr=0.457
PR7L2_ACT_TORQUE,09_PR_Detailed_L2,PR 상세 (토크+속도),N5,D16,Mahalanobis,324,3.3721898417985017,moderate_anomaly,9608,,,"mean_dist=1.30, max_dist=11.76",avg_corr=0.457
PR6L2_ACT_SPD_MS,09_PR_Detailed_L2,PR 상세 (토크+속도),N5,D16,Mahalanobis,324,3.3721898417985017,moderate_anomaly,9608,,,"mean_dist=1.30, max_dist=11.76",avg_corr=0.457
PR7L2_ACT_SPD_MS,09_PR_Detailed_L2,PR 상세 (토크+속도),N5,D16,Mahalanobis,324,3.3721898417985017,moderate_anomaly,9608,,,"mean_dist=1.30, max_dist=11.76",avg_corr=0.457
PINCHROLL_2_ACTUAL_SPEED,08_Pinchroll,핀치롤,N5,D20,Mahalanobis,528,4.018264840182648,moderate_anomaly,13140,,,"mean_dist=2.62, max_dist=27.93",avg_corr=0.036
PINCHROLL_3_ACTUAL_SPEED,08_Pinchroll,핀치롤,N5,D20,Mahalanobis,528,4.018264840182648,moderate_anomaly,13140,,,"mean_dist=2.62, max_dist=27.93",avg_corr=0.036
PINCHROLL_4_ACTUAL_SPEED,08_Pinchroll,핀치롤,N5,D20,Mahalanobis,528,4.018264840182648,moderate_anomaly,13140,,,"mean_dist=2.62, max_dist=27.93",avg_corr=0.036
PINCHROLL_2_ACTUAL_TORQUE,08_Pinchroll,핀치롤,N5,D20,Mahalanobis,528,4.018264840182648,moderate_anomaly,13140,,,"mean_dist=2.62, max_dist=27.93",avg_corr=0.036
PINCHROLL_3_ACTUAL_TORQUE,08_Pinchroll,핀치롤,N5,D20,Mahalanobis,528,4.018264840182648,moderate_anomaly,13140,,,"mean_dist=2.62, max_dist=27.93",avg_corr=0.036
PINCHROLL_4_ACTUAL_TORQUE,08_Pinchroll,핀치롤,N5,D20,Mahalanobis,528,4.018264840182648,moderate_anomaly,13140,,,"mean_dist=2.62, max_dist=27.93",avg_corr=0.036
PINCHROLL_2_REFERENCE_TORQUE,08_Pinchroll,핀치롤,N5,D20,Mahalanobis,528,4.018264840182648,moderate_anomaly,13140,,,"mean_dist=2.62, max_dist=27.93",avg_corr=0.036
PINCHROLL_3_REFERENCE_TORQUE,08_Pinchroll,핀치롤,N5,D20,Mahalanobis,528,4.018264840182648,moderate_anomaly,13140,,,"mean_dist=2.62, max_dist=27.93",avg_corr=0.036
PINCHROLL_4_REFERENCE_TORQUE,08_Pinchroll,핀치롤,N5,D20,Mahalanobis,528,4.018264840182648,moderate_anomaly,13140,,,"mean_dist=2.62, max_dist=27.93",avg_corr=0.036
PINCHROLL_3_REFERENCE_SPEED,08_Pinchroll,핀치롤,N5,D20,Mahalanobis,528,4.018264840182648,moderate_anomaly,13140,,,"mean_dist=2.62, max_dist=27.93",avg_corr=0.036
PINCHROLL_4_REFERENCE_SPEED,08_Pinchroll,핀치롤,N5,D20,Mahalanobis,528,4.018264840182648,moderate_anomaly,13140,,,"mean_dist=2.62, max_dist=27.93",avg_corr=0.036
PR6L1_ACT_TORQUE,09_PR_Detailed_L1,PR 상세 (토크+속도),N5,D20,Mahalanobis,293,5.324368526258405,moderate_anomaly,5503,,,"mean_dist=2.13, max_dist=33.98",avg_corr=0.303
PR7L1_ACT_TORQUE,09_PR_Detailed_L1,PR 상세 (토크+속도),N5,D20,Mahalanobis,293,5.324368526258405,moderate_anomaly,5503,,,"mean_dist=2.13, max_dist=33.98",avg_corr=0.303
PR8L1_ACT_TORQUE,09_PR_Detailed_L1,PR 상세 (토크+속도),N5,D20,Mahalanobis,293,5.324368526258405,moderate_anomaly,5503,,,"mean_dist=2.13, max_dist=33.98",avg_corr=0.303
PR9L1_ACT_TORQUE,09_PR_Detailed_L1,PR 상세 (토크+속도),N5,D20,Mahalanobis,293,5.324368526258405,moderate_anomaly,5503,,,"mean_dist=2.13, max_dist=33.98",avg_corr=0.303
PR6L1_ACT_SPD_MS,09_PR_Detailed_L1,PR 상세 (토크+속도),N5,D20,Mahalanobis,293,5.324368526258405,moderate_anomaly,5503,,,"mean_dist=2.13, max_dist=33.98",avg_corr=0.303
PR7L1_ACT_SPD_MS,09_PR_Detailed_L1,PR 상세 (토크+속도),N5,D20,Mahalanobis,293,5.324368526258405,moderate_anomaly,5503,,,"mean_dist=2.13, max_dist=33.98",avg_corr=0.303
PR8L1_ACT_SPD_MS,09_PR_Detailed_L1,PR 상세 (토크+속도),N5,D20,Mahalanobis,293,5.324368526258405,moderate_anomaly,5503,,,"mean_dist=2.13, max_dist=33.98",avg_corr=0.303
PR9L1_ACT_SPD_MS,09_PR_Detailed_L1,PR 상세 (토크+속도),N5,D20,Mahalanobis,293,5.324368526258405,moderate_anomaly,5503,,,"mean_dist=2.13, max_dist=33.98",avg_corr=0.303
PR6L2_ACT_TORQUE,09_PR_Detailed_L2,PR 상세 (토크+속도),N5,D20,Mahalanobis,232,3.11284046692607,moderate_anomaly,7453,,,"mean_dist=1.21, max_dist=39.34",avg_corr=0.638
PR7L2_ACT_TORQUE,09_PR_Detailed_L2,PR 상세 (토크+속도),N5,D20,Mahalanobis,232,3.11284046692607,moderate_anomaly,7453,,,"mean_dist=1.21, max_dist=39.34",avg_corr=0.638
PR6L2_ACT_SPD_MS,09_PR_Detailed_L2,PR 상세 (토크+속도),N5,D20,Mahalanobis,232,3.11284046692607,moderate_anomaly,7453,,,"mean_dist=1.21, max_dist=39.34",avg_corr=0.638
PR7L2_ACT_SPD_MS,09_PR_Detailed_L2,PR 상세 (토크+속도),N5,D20,Mahalanobis,232,3.11284046692607,moderate_anomaly,7453,,,"mean_dist=1.21, max_dist=39.34",avg_corr=0.638
